 Local Xiaotangshan meteorological station;;;;;;;;;;;;
(44.17° N, 116.433°E);;;;;;;;;;;;
;;;;;;;;;;;;
Year;Month;DAY;DOY;DOC;'Global Radiation (MJ/m2/day)';'Temp air mean (°C)';'Tmin(°C)';'TMAX(°C)';'Rain(mm)';'ETo(mm)';'URmin(%)';'Wind Speed at 2m (m s-1)'
2008;8;25;238;1;16.44173487;25.9;21.5;30.3;0;0;64;18
2008;8;26;239;2;11.74500688;24.75;21.5;28;0.3;0;69;23
2008;8;27;240;3;11.8018133;24.6;20.8;28.4;0.2;0;72;17
2008;8;28;241;4;13.90708554;26.3;22.2;30.4;0;0;73;11
2008;8;29;242;5;15.30489552;26.5;23;30;8.4;0;77;14
2008;8;30;243;6;4.921755651;21.75;20.1;23.4;9.8;0;85;16
2008;8;31;244;7;18.94968149;23.35;18.5;28.2;0;0;48;25
2008;9;1;245;8;22.77751753;23.4;15.6;31.2;0;4.6;53;15
2008;9;2;246;9;22.0273418;25.15;17.5;32.8;0;4.5;56;14
2008;9;3;247;10;18.74524773;25.3;20.3;30.3;0;3.7;64;21
2008;9;4;248;11;16.29291773;22.7;17.8;27.6;1.9;3.8;70;30
2008;9;5;249;12;17.40040892;23.55;17.7;29.4;0;4.5;64;13
2008;9;6;250;13;13.97272225;24.2;20;28.4;0;2.7;74;16
2008;9;7;251;14;10.07465693;22.55;19.3;25.8;24.8;1.9;83;19
2008;9;8;252;15;11.61751814;22.6;18.4;26.8;0;2.7;80;12
2008;9;9;253;16;6.011261047;21.95;19.8;24.1;10.4;1.9;83;20
2008;9;10;254;17;17.4298574;23;18.2;27.8;14.7;4.2;73;26
2008;9;11;255;18;20.3662421;22.7;15.5;29.9;0;4.3;61;20
2008;9;12;256;19;20.35169509;24.6;17.3;31.9;0;4.3;58;12
2008;9;13;257;20;13.1974619;23.1;19.2;27;0;2.4;64;19
2008;9;14;258;21;17.62659424;23.15;17.4;28.9;0;3.9;67;21
2008;9;15;259;22;19.67695144;24.45;17.5;31.4;3.1;4.2;67;13
2008;9;16;260;23;16.22387103;23.75;18.5;29;20.6;2.8;79;14
2008;9;17;261;24;13.88967267;23.15;18.2;28.1;0;3.4;78;11
2008;9;18;262;25;15.04229618;24.35;19.4;29.3;0;3.6;62;13
2008;9;19;263;26;7.514531672;21.55;19.1;24;3.9;2;80;22
2008;9;20;264;27;14.95887174;22.45;16.7;28.2;0;3.8;76;17
2008;9;21;265;28;7.686163354;22.45;19.4;25.5;25.8;2;85;12
2008;9;22;266;29;15.45718855;23.75;19.1;28.4;7.1;3.7;66;26
2008;9;23;267;30;12.62634643;19.65;16.4;22.9;0;2.4;31;25
2008;9;24;268;31;7.685756961;14.65;11.5;17.8;6.6;1.5;84;17
2008;9;25;269;32;16.98727337;17.35;11.4;23.3;0;3;54;26
2008;9;26;270;33;14.14364386;15.8;10.8;20.8;0;3.1;30;22
2008;9;27;271;34;12.0276965;15.5;10.6;20.4;0;2.5;56;20
2008;9;28;272;35;7.513648979;15.3;12.5;18.1;0;2.5;76;18
2008;9;29;273;36;7.080445836;14.15;10.9;17.4;0;1.9;82;17
2008;9;30;274;37;14.59766203;17.4;11.5;23.3;0;3.1;75;20
2008;10;1;275;38;13.56139376;18.1;12.3;23.9;0;3;79;12
2008;10;2;276;39;13.63479529;20.05;14.1;26;0;3.1;79;11
2008;10;3;277;40;9.568346068;19.75;16.2;23.3;0;2.5;58;15
2008;10;4;278;41;4.980886038;15.75;14;17.5;0;1.5;65;14
2008;10;5;279;42;5.483713424;12.15;10.1;14.2;17.9;1.4;85;19
2008;10;6;280;43;14.14082445;12.75;6.7;18.8;0;2.8;61;14
2008;10;7;281;44;12.42114446;13.55;7.5;19.6;0;2.6;62;18
2008;10;8;282;45;14.69520628;16.6;10.9;22.3;0.7;3.1;52;20
2008;10;9;283;46;8.874625892;12.25;8.7;15.8;2;1.4;74;8
2008;10;10;284;47;15.85707773;13.9;6.7;21.1;0;2.8;50;17
2008;10;11;285;48;16.21038306;14.45;6.9;22;0;2.8;47;13
2008;10;12;286;49;16.15254157;15.4;6.8;24;0;2.9;58;18
2008;10;13;287;50;14.81844534;16.75;10.5;23;0.1;2.4;68;9
2008;10;14;288;51;16.10621608;17.1;8.5;25.7;0;2.9;68;13
2008;10;15;289;52;15.50814881;19.05;11;27.1;0;2.9;50;12
2008;10;16;290;53;14.61730529;19.65;13.1;26.2;0.6;2.7;50;9
2008;10;17;291;54;11.85834539;17.65;11.6;23.7;0;2.5;70;14
2008;10;18;292;55;11.453953;18.25;13.9;22.6;0;2;67;12
2008;10;19;293;56;14.89697678;17.3;9.9;24.7;0;2.9;64;17
2008;10;20;294;57;8.740111322;14.9;9.3;20.5;0;1.7;72;11
2008;10;21;295;58;4.456822543;17.55;14.3;20.8;0;1.6;73;12
2008;10;22;296;59;5.012404415;17.45;16;18.9;0;1.4;83;8
2008;10;23;297;60;9.716350464;13.45;9.6;17.3;9.8;2.7;28;46
2008;10;24;298;61;10.41630394;10.3;5.6;15;0;2.3;26;30
2008;10;25;299;62;11.38244246;10.1;3.6;16.6;0;2.3;36;29
2008;10;26;300;63;10.13864058;12;6.7;17.3;0;2.3;24;26
2008;10;27;301;64;11.76000995;12.75;7.2;18.3;0;2.2;28;25
2008;10;28;302;65;11.7963233;12.15;5.1;19.2;0;1.9;50;9
2008;10;29;303;66;6.238077335;11.05;8.6;13.5;0;1.3;51;26
2008;10;30;304;67;8.836487934;8.5;3.7;13.3;0;1.7;68;11
2008;10;31;305;68;12.88576408;11.1;3.8;18.4;0;2.2;44;20
2008;11;1;306;69;12.83993001;11.05;3.3;18.8;0;2.2;44;30
2008;11;2;307;70;10.69838529;10.9;4.2;17.6;0;2.1;39;27
2008;11;3;308;71;10.06929955;11.7;7.2;16.2;0;1.9;25;16
2008;11;4;309;72;11.51472149;9.35;2.6;16.1;0;1.8;50;12
2008;11;5;310;73;11.66108954;11.1;2.9;19.3;0;1.9;61;10
2008;11;6;311;74;11.78050673;14.5;8.1;20.9;0;2;31;16
2008;11;7;312;75;8.390945607;9.8;5.2;14.4;0;1.9;38;24
2008;11;8;313;76;5.100884927;6.05;3.7;8.4;0;1;50;13
2008;11;9;314;77;11.4825945;6.6;-0.9;14.1;0;1.6;59;5
2008;11;10;315;78;10.25149983;6.55;0.3;12.8;0;1.6;65;15
2008;11;11;316;79;6.306188242;5.1;0.3;9.9;0;1;74;9
2008;11;12;317;80;4.294320201;6.8;3;10.6;0;1;71;9
2008;11;13;318;81;8.931464084;10.35;5.3;15.4;0;1.8;47;23
2008;11;14;319;82;6.009559284;7.05;3.2;10.9;0;1.3;54;15
2008;11;15;320;83;9.063680474;7.2;2.3;12.1;0;1.7;41;25
2008;11;16;321;84;10.2353959;5.25;-1.2;11.7;0;1.5;36;17
2008;11;17;322;85;7.876122515;2.5;-2.4;7.4;0;1.4;23;28
2008;11;18;323;86;6.803419645;0.65;-3.4;4.7;0;1.4;21;36
2008;11;19;324;87;6.83203643;-0.7;-5.6;4.2;0;1.2;35;23
2008;11;20;325;88;11.07999986;4.7;-4.6;14;0;1.4;41;13
2008;11;21;326;89;9.125879134;5.15;-1;11.3;0;1.5;35;25
2008;11;22;327;90;10.21550676;6.3;-1.2;13.8;0;1.4;51;7
2008;11;23;328;91;4.054427272;3.45;-0.6;7.5;0;0.9;55;17
2008;11;24;329;92;5.035352325;6.65;2.3;11;0;1.3;52;15
2008;11;25;330;93;5.230768763;7.3;4.3;10.3;0;1.6;34;29
2008;11;26;331;94;5.281512598;4.55;0.4;8.7;0;1.4;42;35
2008;11;27;332;95;6.104625653;4.6;0.9;8.3;0;1.5;25;38
2008;11;28;333;96;9.217701532;5.05;-2.3;12.4;0;1.2;37;18
2008;11;29;334;97;8.6781394;6.15;0;12.3;0;1.5;30;26
2008;11;30;335;98;8.529447079;6;-0.7;12.7;0;1.3;51;11
2008;12;1;336;99;9.016811636;7.25;1.1;13.4;0;1.5;33;26
2008;12;2;337;100;5.969939723;4;-1.4;9.4;0;1.3;44;15
2008;12;3;338;101;8.873798227;6.1;2;10.2;0;1;44;23
2008;12;4;339;102;9.728056611;-0.95;-8.6;6.7;0;1.4;20;52
2008;12;5;340;103;4.021553689;-6;-10;-2;0;1;19;36
2008;12;6;341;104;6.072296932;-3.05;-8;1.9;0;1;27;25
2008;12;7;342;105;6.663584732;-1.3;-7;4.4;0;0.9;42;13
2008;12;8;343;106;6.667549279;1.3;-4.6;7.2;0;0.9;45;11
2008;12;9;344;107;5.282276595;3.05;-1.5;7.6;0;0.8;44;16
2008;12;10;345;108;4.705117104;2.2;-0.4;4.8;0;0.8;57;18
2008;12;11;346;109;3.993563617;-1.85;-5.8;2.1;0;0.9;73;16
2008;12;12;347;110;5.344006605;-0.15;-4.2;3.9;0;0.9;69;17
2008;12;13;348;111;6.162652145;-0.75;-5.4;3.9;0;1.1;37;24
2008;12;14;349;112;7.804432051;0.3;-6.3;6.9;0;1.1;57;15
2008;12;15;350;113;8.663272011;2.8;-4.4;10;0;1.2;52;14
2008;12;16;351;114;4.021188753;0.65;-3.8;5.1;0;1;67;10
2008;12;17;352;115;7.725371764;4.15;-0.4;8.7;0;1.5;20;41
2008;12;18;353;116;5.748762089;-1.45;-6.6;3.7;0;1;26;19
2008;12;19;354;117;7.416594966;1.05;-4.6;6.7;0;1.2;29;33
2008;12;20;355;118;6.04687368;-2.1;-5.4;1.2;0;1.1;19;28
2008;12;21;356;119;7.001144602;-6.55;-11.6;-1.5;0.1;0.9;32;42
2008;12;22;357;120;6.558587835;-7.25;-13.5;-1;0;0.9;24;27
2008;12;23;358;121;8.19135443;-2.35;-9.3;4.6;0;1;35;23
2008;12;24;359;122;6.602394901;-1.3;-7.8;5.2;0;1.1;34;30
2008;12;25;360;123;5.148094701;0.35;-2.7;3.4;0;1.2;23;26
2008;12;26;361;124;5.993952337;-2.25;-7.6;3.1;0;1;39;16
2008;12;27;362;125;4.49462767;-1.3;-5.4;2.8;0;0.8;43;12
2008;12;28;363;126;1.972133745;-2.15;-4.5;0.2;0;0.7;70;18
2008;12;29;364;127;3.230428858;-1.5;-4.5;1.5;0;1.2;23;35
2008;12;30;365;128;3.453944278;-1.75;-5;1.5;0;1.2;25;38
2008;12;31;366;129;3.453944278;-2.1;-5;0.8;0;1.1;24;28
2009;1;1;1;130;6.26527487;-3.55;-7.9;0.8;0;0.9;30;15
2009;1;2;2;131;7.17796513;-3.6;-9.6;2.4;0;0.8;43;12
2009;1;3;3;132;6.035155642;-2.35;-7.1;2.4;0;0.9;38;15
2009;1;4;4;133;5.212043403;-2.75;-6.5;1;0;0.9;50;11
2009;1;5;5;134;6.496550704;-2.75;-7.9;2.4;0;1;37;12
2009;1;6;6;135;7.94060329;-1.25;-6.7;4.2;0;1.1;39;18
2009;1;7;7;136;6.686264183;-2.45;-8.3;3.4;0;1;44;9
2009;1;8;8;137;4.736167771;-2.2;-4.6;0.2;0;1;36;35
2009;1;9;9;138;7.483169653;-4.8;-10.1;0.5;0;1.1;24;31
2009;1;10;10;139;7.776317456;-3.95;-10.5;2.6;0;1;32;16
2009;1;11;11;140;4.029058338;-3.2;-6.6;0.2;0;1.2;23;35
2009;1;12;12;141;6.233980948;-2.6;-6.4;1.2;0;1.1;23;25
2009;1;13;13;142;10.0406651;-1.6;-9.3;6.1;0;1.1;34;18
2009;1;14;14;143;7.604330098;-4.5;-9.5;0.5;0;1;20;22
2009;1;15;15;144;8.275315233;-4.5;-10.7;1.7;0;0.9;27;10
2009;1;16;16;145;5.925882266;-3.4;-8.8;2;0;0.9;48;10
2009;1;17;17;146;3.149579259;-2.25;-4.2;-0.3;0;0.7;68;16
2009;1;18;18;147;10.13484328;-0.05;-7.6;7.5;0;1.2;52;17
2009;1;19;19;148;8.698445135;-0.3;-6.5;5.9;0;1.1;45;13
2009;1;20;20;149;9.954597652;1.95;-5;8.9;0;1.1;49;18
2009;1;21;21;150;7.994187447;-0.85;-4.6;2.9;0;1;63;18
2009;1;22;22;151;9.89047936;-4.3;-10.6;2;0;1.3;20;63
2009;1;23;23;152;1.874882708;-9.35;-11.8;-6.9;0;1;15;47
2009;1;24;24;153;6.372776842;-5;-10.1;0.1;0;1.1;16;28
2009;1;25;25;154;7.874331272;-2.3;-6.7;2.1;0;1.3;16;34
2009;1;26;26;155;10.84761098;-1.95;-9.1;5.2;0;1.3;17;27
2009;1;27;27;156;9.431420606;-2.85;-9.2;3.5;0;1.1;31;8
2009;1;28;28;157;10.63570092;-0.2;-7.2;6.8;0;1.2;37;11
2009;1;29;29;158;10.87826048;0.95;-6.1;8;0;1.2;52;11
2009;1;30;30;159;9.341329997;-0.05;-5.3;5.2;0;1.1;68;15
2009;1;31;31;160;8.840884972;-1.05;-6.7;4.6;0;1.2;59;6
2009;2;1;32;161;7.815551249;-0.5;-5.1;4.1;0;1.1;60;14
2009;2;2;33;162;11.96213697;2.45;-4.8;9.7;0;1.4;55;21
2009;2;3;34;163;8.306740314;-0.6;-4.9;3.7;0;1.3;47;26
2009;2;4;35;164;7.685924924;-1.5;-6.4;3.4;0;1;62;9
2009;2;5;36;165;11.85813636;2.5;-4.2;9.2;0;1.5;50;16
2009;2;6;37;166;9.165435845;0.85;-4.4;6.1;0;1.3;59;6
2009;2;7;38;167;13.16796679;4.85;-3.2;12.9;0;1.7;39;20
2009;2;8;39;168;10.44240967;2.3;-3.1;7.7;0;1.3;44;12
2009;2;9;40;169;13.34110501;4.75;-3.5;13;0;1.7;48;20
2009;2;10;41;170;13.8472685;7.15;-1.8;16.1;0;1.7;47;18
2009;2;11;42;171;12.55830121;7.25;0.1;14.4;0;1.9;32;23
2009;2;12;43;172;2.189927501;4.3;2.1;6.5;8.6;1;69;16
2009;2;13;44;173;6.741905546;6.45;3.3;9.6;2.6;1.8;62;31
2009;2;14;45;174;10.13218737;4.35;1.2;7.5;0;1.8;53;36
2009;2;15;46;175;10.18998777;-1.1;-6.2;4;0;1.6;17;37
2009;2;16;47;176;7.725649605;-1.75;-5.7;2.2;0;1.4;31;22
2009;2;17;48;177;3.272919847;-2.95;-5.7;-0.2;0.5;0.8;76;30
2009;2;18;49;178;2.173423163;-2.5;-3.9;-1.1;0.9;0.8;82;24
2009;2;19;50;179;5.911318116;-2.2;-5.6;1.2;5.4;1.1;69;28
2009;2;20;51;180;7.287746439;-1.5;-4.9;1.9;0;1.6;28;26
2009;2;21;52;181;6.337993035;-1.35;-6;3.3;0;1.4;61;16
2009;2;22;53;182;7.67077428;2.2;-0.7;5.1;0;1.9;30;44
2009;2;23;54;183;5.204297211;-0.9;-4.1;2.3;0;1.1;65;18
2009;2;24;55;184;11.19026028;1.9;-2.9;6.7;0;1.6;44;30
2009;2;25;56;185;11.56097486;1;-3.5;5.5;0;1.8;41;25
2009;2;26;57;186;14.32015639;0.9;-5.7;7.5;0;1.7;52;18
2009;2;27;58;187;16.20829477;3.45;-4.6;11.5;0;1.8;59;12
2009;2;28;59;188;11.67920203;2.05;-3.4;7.5;0;1.8;61;18
2009;3;1;60;189;12.255919;3.5;-1.4;8.4;0;2;44;33
2009;3;2;61;190;6.081254338;-0.2;-4;3.6;0;1.2;61;19
2009;3;3;62;191;10.58102203;2.9;-2;7.8;0;1.6;56;13
2009;3;4;63;192;3.53385423;1.5;-1.6;4.6;0;1;78;11
2009;3;5;64;193;12.01948801;5.9;1.3;10.5;1.2;2.3;55;44
2009;3;6;65;194;12.40121083;4.15;-1.3;9.6;0;2.3;21;40
2009;3;7;66;195;15.37863219;5.95;-0.9;12.8;0;2.2;36;19
2009;3;8;67;196;17.14451199;8.8;-0.1;17.7;0;2.4;40;20
2009;3;9;68;197;13.90596001;8.95;4.5;13.4;0;2.4;16;40
2009;3;10;69;198;11.7898347;4.5;-0.9;9.9;0;2;47;14
2009;3;11;70;199;8.541180049;5.75;0.9;10.6;0;1.7;39;21
2009;3;12;71;200;15.45235966;8.8;4.8;12.8;0.8;2;41;35
2009;3;13;72;201;12.50108207;1.15;-4.4;6.7;0;2.2;16;59
2009;3;14;73;202;16.50364349;5.55;-2.5;13.6;0;2.3;25;21
2009;3;15;74;203;18.73077808;11.45;3;19.9;0;2.3;28;21
2009;3;16;75;204;18.53373723;12.4;4.4;20.4;0;3;34;27
2009;3;17;76;205;18.70295139;13.85;5.3;22.4;0;2.8;44;19
2009;3;18;77;206;20.61591014;18.95;8.4;29.5;0;3;37;15
2009;3;19;78;207;20.14646471;16.75;9.4;24.1;0;3.3;42;31
2009;3;20;79;208;14.36863847;9.35;3.1;15.6;0;2.6;40;30
2009;3;21;80;209;13.97559633;10.95;6.4;15.5;0.3;1.6;52;28
2009;3;22;81;210;17.41344461;9.45;3.6;15.3;0;2.9;18;40
2009;3;23;82;211;14.13881354;6.15;0.9;11.4;0;2.4;44;29
2009;3;24;83;212;10.69367246;5.25;1;9.5;5.1;2.5;47;28
2009;3;25;84;213;19.16931055;8.95;1.3;16.6;0;3;19;38
2009;3;26;85;214;16.26723525;8.95;3.1;14.8;0;2.6;15;17
2009;3;27;86;215;15.15796036;7.9;3.2;12.6;0;2.8;41;35
2009;3;28;87;216;17.76629988;6.9;0.4;13.4;0;2.7;48;28
2009;3;29;88;217;5.648931878;3.95;1.2;6.7;0;1.5;51;16
2009;3;30;89;218;12.24867664;5.4;1.3;9.5;0;2.1;43;21
2009;3;31;90;219;13.34856539;5.35;-0.1;10.8;0;2.6;36;25
2009;4;1;91;220;18.34564794;8.95;2.8;15.1;0;3;24;26
2009;4;2;92;221;17.27554927;9.3;2.1;16.5;0;2.8;31;24
2009;4;3;93;222;11.71520326;11.35;7.4;15.3;0;2.9;42;27
2009;4;4;94;223;20.28122076;13.15;6.3;20;0;3.1;42;21
2009;4;5;95;224;22.54731221;14.5;5.7;23.3;0;3.4;28;16
2009;4;6;96;225;23.31596347;17.4;7.3;27.5;0;3.6;20;19
2009;4;7;97;226;22.24451172;19.3;11.4;27.2;0;3.8;26;25
2009;4;8;98;227;21.14952451;19.15;11.4;26.9;0;3.7;34;19
2009;4;9;99;228;19.13883257;20.05;13.8;26.3;0;4;35;35
2009;4;10;100;229;14.94270513;19.1;13.9;24.3;0;3.4;36;26
2009;4;11;101;230;11.23181308;18.1;15.1;21.1;0.1;2.4;63;22
2009;4;12;102;231;18.56898611;18.15;11.3;25;0;2.9;64;10
2009;4;13;103;232;20.97525425;21.3;15.1;27.5;0;3.8;53;26
2009;4;14;104;233;19.47034174;17.7;12.9;22.5;0;3.6;46;40
2009;4;15;105;234;20.21864039;13.55;7.6;19.5;0.5;3.6;39;37
2009;4;16;106;235;17.71226245;12.2;6;18.4;0;3.4;44;34
2009;4;17;107;236;17.10592499;15.35;8.8;21.9;0;3.5;43;19
2009;4;18;108;237;11.60615808;16.9;13.8;20;0;1.9;58;22
2009;4;19;109;238;10.24044388;14.2;10.5;17.9;10.3;1.7;84;25
2009;4;20;110;239;15.15576751;16.2;10.9;21.5;0;3.9;56;38
2009;4;21;111;240;19.56610492;17.9;13.2;22.6;0;4.2;19;43
2009;4;22;112;241;21.37245745;14.95;8.4;21.5;0;3.8;41;33
2009;4;23;113;242;5.987801014;11.3;8.7;13.9;4.3;1.6;86;16
2009;4;24;114;243;18.22961113;14.4;8.8;20;16;3;57;37
2009;4;25;115;244;15.02608827;14.25;9.5;19;0;3.9;21;44
2009;4;26;116;245;22.95616785;16.55;10.1;23;0;3.9;20;30
2009;4;27;117;246;24.03949695;16.7;8.2;25.2;0;3.9;31;19
2009;4;28;118;247;18.01711443;17.7;12.7;22.7;0;3.5;41;23
2009;4;29;119;248;16.69563866;16.95;11.6;22.3;0;3.1;49;21
2009;4;30;120;249;21.17826119;20.25;13.3;27.2;1;4;57;18
2009;5;1;121;250;17.3804759;20.5;16.6;24.4;0.8;2.6;72;28
2009;5;2;122;251;25.84615846;19.55;11;28.1;0;4.2;54;23
2009;5;3;123;252;26.28165644;21.4;11.2;31.6;0;4.5;30;21
2009;5;4;124;253;19.66049655;23.1;17;29.2;0;4.5;47;28
2009;5;5;125;254;17.87035134;23;18;28;0;4.5;40;24
2009;5;6;126;255;18.80934719;22.6;16.6;28.6;0;4.7;45;33
2009;5;7;127;256;18.49898315;23.9;18.3;29.5;0;4.6;49;23
2009;5;8;128;257;21.49578558;24.85;18.8;30.9;0;4.8;50;30
2009;5;9;129;258;21.16643786;23.15;17.8;28.5;5.9;3.3;61;34
2009;5;10;130;259;9.078518466;17.5;14.5;20.5;0;3.4;51;19
2009;5;11;131;260;14.8568995;19.35;13.3;25.4;0;3.3;59;20
2009;5;12;132;261;23.02678705;24.8;19.3;30.3;0;4.8;24;28
2009;5;13;133;262;24.9682302;22.1;14.5;29.7;0;4.5;31;18
2009;5;14;134;263;16.66820581;20.15;15.2;25.1;0.2;2.3;53;37
2009;5;15;135;264;8.201709969;17.95;15.3;20.6;0;2.1;58;29
2009;5;16;136;265;22.48148725;19.4;13.6;25.2;0;3.5;55;23
2009;5;17;137;266;25.87305809;20.2;11.1;29.3;0;4.7;16;46
2009;5;18;138;267;28.05051314;26.15;16.7;35.6;0;5.1;26;38
2009;5;19;139;268;27.19474296;27;18.3;35.7;0;4.5;36;22
2009;5;20;140;269;25.07003465;26.2;19.7;32.7;0;5.1;35;30
2009;5;21;141;270;21.78765918;22.15;16.7;27.6;1.4;2.6;61;39
2009;5;22;142;271;25.13564201;21.35;14;28.7;6.1;4.7;39;24
2009;5;23;143;272;28.47082905;24.1;14.5;33.7;0;5.1;34;32
2009;5;24;144;273;23.5117619;23.45;16.5;30.4;0;4.4;49;24
2009;5;25;145;274;21.54743268;24.1;17.9;30.3;0;4.4;53;19
2009;5;26;146;275;22.64594217;25;18.7;31.3;0;4.9;45;31
2009;5;27;147;276;19.60248194;24.45;18.7;30.2;0;4.1;49;25
2009;5;28;148;277;13.76318998;23.25;19.8;26.7;0.3;2.3;62;29
2009;5;29;149;278;19.88320996;21.9;16.9;26.9;0;4.4;50;19
2009;5;30;150;279;25.99296013;22.15;14.8;29.5;0;4.6;19;27
2009;5;31;151;280;28.3709665;23.65;14.6;32.7;0;4.9;20;35
2009;6;1;152;281;29.67580733;27.15;16.2;38.1;0;4.4;22;21
2009;6;2;153;282;23.00901503;27.25;22.6;31.9;0;5.1;19;37
2009;6;3;154;283;25.1485295;24.35;17.2;31.5;0;4.9;29;22
2009;6;4;155;284;28.56619478;27.55;19.2;35.9;0;4.4;31;19
2009;6;5;156;285;24.13485101;25.65;19.7;31.6;0;5.2;39;33
2009;6;6;157;286;11.56272562;21.4;18.3;24.5;3.8;2.1;75;19
2009;6;7;158;287;19.7373571;22.15;16.7;27.6;0;3.6;67;17
2009;6;8;159;288;12.888073;21.65;17.9;25.4;57.7;2.1;87;31
2009;6;9;160;289;18.05340694;23.95;17.9;30;0.2;5.1;57;25
2009;6;10;161;290;24.09724227;28.1;23;33.2;0;5.4;26;39
2009;6;11;162;291;26.39577153;25.35;18.4;32.3;0;5;40;20
2009;6;12;163;292;23.44339555;24.6;18.1;31.1;0;5;39;21
2009;6;13;164;293;21.54688204;25.3;19.9;30.7;0;4.6;45;28
2009;6;14;165;294;22.92530873;25.45;19.3;31.6;0;5;49;11
2009;6;15;166;295;22.55878294;25.45;20.3;30.6;0;4.3;53;23
2009;6;16;167;296;15.16113312;22.15;17.7;26.6;26.5;2.2;77;26
2009;6;17;168;297;9.200115891;22.65;18.8;26.5;0.7;2.8;78;19
2009;6;18;169;298;1.602125537;23.4;22.1;24.7;4.4;2.2;85;23
2009;6;19;170;299;21.38864452;26.95;22.6;31.3;2.2;3.8;56;28
2009;6;20;171;300;28.44648069;26.95;18;35.9;0;5.3;42;24
2009;6;21;172;301;23.14973366;27.35;22;32.7;0;3.5;30;28
2009;6;22;173;302;26.49052541;26.9;19.6;34.2;0;5.1;24;28
2009;6;23;174;303;26.422235;27.9;20.7;35.1;0;4.6;32;22
2009;6;24;175;304;28.34684207;30.55;21.5;39.6;0;5.5;31;35
2009;6;25;176;305;21.26975487;31.15;26.1;36.2;0;5.4;35;40
2009;6;26;177;306;19.63625743;29.5;24.4;34.6;0;4.4;44;38
2009;6;27;178;307;15.78355714;28.4;24.4;32.4;0;4;55;23
2009;6;28;179;308;25.62411406;29.25;23.2;35.3;0;5.3;37;24
2009;6;29;180;309;26.22282707;28.5;20.5;36.5;0;5.2;25;26
2009;6;30;181;310;17.24263597;29.75;24.7;34.8;0;5.4;26;37
2009;7;1;182;279;17.39111979;29.6;26.5;32.7;0;4.7;28;21
2009;7;2;183;280;26.04778497;28.95;22.6;35.3;0;5.5;38;26
2009;7;3;184;281;26.17196832;30.15;23.7;36.6;0;5.3;41;22
2009;7;4;185;282;21.64039556;29.9;25;34.8;0;4;56;29
2009;7;5;186;283;23.0264652;29.35;24.9;33.8;3;3.3;60;27
2009;7;6;187;284;12.12091263;25.2;21.7;28.7;25.7;2.3;77;15
2009;7;7;188;285;22.55136936;27.75;23;32.5;0;4.4;67;20
2009;7;8;189;286;23.04035639;25.95;21.4;30.5;5.2;2.3;73;18
2009;7;9;190;287;24.16668192;25.25;18.5;32;0;5.4;63;20
2009;7;10;191;288;20.7770029;28.4;23.2;33.6;0;4.8;61;20
2009;7;11;192;289;19.77920936;28.5;24.9;32.1;0;3.5;66;26
2009;7;12;193;290;22.89679642;26.5;21;32;4.8;4.1;65;26
2009;7;13;194;291;15.45457074;25.65;21.9;29.4;54.7;2.2;80;12
2009;7;14;195;292;23.59430543;27.65;21.8;33.5;1.3;5.1;67;15
2009;7;15;196;293;23.06865674;29.05;23.3;34.8;0;4.8;63;20
2009;7;16;197;294;19.59764931;28.3;24.9;31.7;0;2.8;71;33
2009;7;17;198;295;4.600465769;22.55;20.2;24.9;58.4;2.1;89;16
2009;7;18;199;296;18.64455062;27.05;22.3;31.8;0;5.1;65;22
2009;7;19;200;297;13.56995705;27.45;23.7;31.2;0;4.1;73;23
2009;7;20;201;298;20.60193497;30;24.8;35.2;5;5.3;65;19
2009;7;21;202;299;17.87800502;29.75;26.3;33.2;0;4.9;65;17
2009;7;22;203;300;22.41472821;27.55;23;32.1;8.4;2.3;78;18
2009;7;23;204;301;17.65907288;24.3;20.1;28.5;10.7;2.6;80;24
2009;7;24;205;302;16.56634188;24.25;19.9;28.6;0.9;4.1;72;24
2009;7;25;206;303;17.43557582;25.35;21.1;29.6;0;4.9;62;24
2009;7;26;207;304;17.89509993;25.9;21.2;30.6;0;5;68;20
2009;7;27;208;305;12.86821345;25.95;22.7;29.2;0;3.1;70;17
2009;7;28;209;306;13.52768836;26.05;22.1;30;0;3.5;71;11
2009;7;29;210;307;10.96994979;27.2;23.8;30.6;0;2.3;75;19
2009;7;30;211;308;17.30341383;28.15;25.1;31.2;0;2.4;75;19
2009;7;31;212;309;14.76452841;24.6;20.3;28.9;18.5;3.1;77;24
2009;8;1;213;310;18.27807746;26.65;22.4;30.9;19.2;0;81;18
2009;8;2;214;311;18.95729293;27;22.4;31.6;0.3;0;73;21
2009;8;3;215;312;16.06197189;27.4;23.2;31.6;0;0;71;17
2009;8;4;216;313;12.64102354;27.25;24.6;29.9;0;0;73;20
2009;8;5;217;314;5.891686546;24.5;22.2;26.8;0;0;75;15
2009;8;6;218;315;7.862395241;25.6;23.2;28;0.7;0;78;13
2009;8;7;219;316;10.92953391;26.25;23.1;29.4;0.2;0;79;14
2009;8;8;220;317;12.87465303;27.05;23.8;30.3;0.1;0;76;14
2009;8;9;221;318;13.6614795;26.9;23.5;30.3;14.1;0;80;14
2009;8;10;222;319;19.96219439;28.05;23.2;32.9;0.1;0;70;12
2009;8;11;223;320;25.69645182;30;23.6;36.4;0;0;56;15
2009;8;12;224;321;24.96560494;29.1;22.3;35.9;0;0;54;15
2009;8;13;225;322;22.16483732;29.55;23.9;35.2;0;0;66;19
2009;8;14;226;323;19.51496238;29.85;24.9;34.8;0;0;71;27
2009;8;15;227;324;15.16932101;29.45;25.8;33.1;0;0;66;16
2009;8;16;228;325;14.05245594;28.2;25.1;31.3;0;0;78;16
2009;8;17;229;326;5.478734149;24.75;23;26.5;4.3;0;83;18
2009;8;18;230;327;12.18411133;25.3;21.9;28.7;0;0;76;12
2009;8;19;231;328;13.98142994;25.05;22.3;27.8;21;0;83;12
2009;8;20;232;329;23.02750825;26.05;18.7;33.4;0;0;53;19
2009;8;21;233;330;16.79270827;27.6;24.3;30.9;0;0;52;21
2009;8;22;234;331;16.82092843;24.4;20.5;28.3;0;0;62;24
2009;9;1;244;1;15.36449079;22.9;18;27.8;0;3.4;65;24
2009;9;2;245;2;9.193045542;23.2;20.1;26.3;0;1.9;71;16
2009;9;3;246;3;10.67149299;24.3;20.3;28.3;0;2.4;71;19
2009;9;4;247;4;2.272187786;24.05;22.8;25.3;0.4;1.7;88;14
2009;9;5;248;5;14.13744055;24.4;22.2;26.6;1.8;1.7;82;19
2009;9;6;249;6;18.10386134;19.65;14.3;25;6.8;1.6;79;25
2009;9;7;250;7;7.754368862;17.85;14.7;21;3.7;1.5;71;14
2009;9;8;251;8;15.94555302;19.85;16.1;23.6;0;1.9;62;11
2009;9;9;252;9;20.90308691;20.5;12.3;28.7;0;3;61;14
2009;9;10;253;10;15.44476276;23;19.1;26.9;0;2.4;53;17
2009;9;11;254;11;18.02103377;22.4;16.2;28.6;0;3.2;50;30
2009;9;12;255;12;19.2902056;24.3;19.3;29.3;0;3;28;25
2009;9;13;256;13;19.26731505;22.1;15.5;28.7;0;2.8;51;23
2009;9;14;257;14;19.18243678;23.05;17.9;28.2;0;2.9;65;25
2009;9;15;258;15;20.63623406;22.25;14.4;30.1;0;2.8;45;19
2009;9;16;259;16;14.50398353;22.7;18.3;27.1;0;2.2;73;15
2009;9;17;260;17;14.02426065;22.7;17.7;27.7;0;2.4;70;13
2009;9;18;261;18;5.025640865;21.8;19.9;23.7;0;1.5;77;27
2009;9;19;262;19;10.55933483;20.7;18.4;23;0;1.4;77;17
2009;9;20;263;20;14.40601269;17.45;13.1;21.8;5.1;2.2;51;31
2009;9;21;264;21;20.14383659;19;11.9;26.1;0;2.5;39;28
2009;9;22;265;22;20.25310485;19.35;11.4;27.3;0;2.5;53;21
2009;9;23;266;23;17.5893712;20;13.3;26.7;0;2.3;55;22
2009;9;24;267;24;12.44003398;21.15;16.5;25.8;0;1.9;71;16
2009;9;25;268;25;11.21397169;22.35;18.2;26.5;0;1.4;80;14
2009;9;26;269;26;4.16870607;20.95;19.1;22.8;5.2;1.3;85;22
2009;9;27;270;27;9.486862477;20.95;18;23.9;0.3;1.3;80;17
2009;9;28;271;28;15.52932557;21.45;15.7;27.2;0;2.2;61;14
2009;9;29;272;29;4.493255687;19.9;17.3;22.5;0;1.2;84;17
2009;9;30;273;30;3.608153929;20.45;18.7;22.2;0;1.2;87;12
2009;10;1;274;31;17.10466082;23.1;17.7;28.5;0.2;2.3;56;24
2009;10;2;275;32;17.76693541;18.8;10.5;27.1;0;1.8;32;15
2009;10;3;276;33;13.90827076;18.2;12.5;23.9;0;1.8;24;26
2009;10;4;277;34;15.42413958;17.85;12.3;23.4;0;1.7;33;15
2009;10;5;278;35;17.03179258;17.3;8.5;26.1;0;1.8;40;22
2009;10;6;279;36;12.38569492;17.6;13.3;21.9;0;1.6;43;16
2009;10;7;280;37;9.106831167;14.5;9.3;19.7;0;1.2;49;10
2009;10;8;281;38;6.16741714;16.35;13.3;19.4;0;1.3;54;22
2009;10;9;282;39;10.11196645;16.4;12.4;20.4;0;1.4;55;11
2009;10;10;283;40;9.940924653;15.35;10;20.7;0;1.3;61;12
2009;10;11;284;41;6.885679374;15.95;13.1;18.8;0;1;71;13
2009;10;12;285;42;12.68809059;16.35;10.2;22.5;0;1.5;66;13
2009;10;13;286;43;14.34185095;17.6;11.9;23.3;0;1.6;27;35
2009;10;14;287;44;16.10354653;16.55;8.2;24.9;0;1.3;29;20
2009;10;15;288;45;15.67074607;17.45;9.2;25.7;0;1.2;44;10
2009;10;16;289;46;11.84775503;15.75;10.9;20.6;0;1.4;46;33
2009;10;17;290;47;14.58440317;15.15;8;22.3;0;1.2;27;23
2009;10;18;291;48;13.06174951;13.75;7.9;19.6;0;1.2;44;36
2009;10;19;292;49;10.62764311;10.8;6.1;15.5;0;1.1;19;33
2009;10;20;293;50;15.40692065;12.75;4.1;21.4;0;0.9;35;12
2009;10;21;294;51;13.74926272;12.55;4.9;20.2;0;1;36;18
2009;10;22;295;52;14.63096687;15.75;7.5;24;0;1.1;52;11
2009;10;23;296;53;11.51122259;14.9;8.9;20.9;0;1;61;12
2009;10;24;297;54;10.24295212;15.2;9.6;20.8;0;1;67;14
2009;10;25;298;55;8.56333681;15.75;10.9;20.6;0;0.8;74;10
2009;10;26;299;56;9.297913909;16.3;11.9;20.7;0;1;38;24
2009;10;27;300;57;7.338564873;13.9;9.7;18.1;0;0.9;68;19
2009;10;28;301;58;7.443902028;14;9.8;18.2;0;0.8;80;10
2009;10;29;302;59;13.35917572;16.45;9.6;23.3;0;0.9;70;7
2009;10;30;303;60;7.34338767;10.3;6.3;14.3;0.8;0.7;56;20
2009;10;31;304;61;10.50881373;9.55;5.2;13.9;4.9;0.7;69;24
2009;11;1;305;62;10.60412566;3.75;-0.6;8.1;15.7;0.6;78;36
2009;11;2;306;63;5.94503907;-0.7;-3.7;2.3;0;0.5;39;30
2009;11;3;307;64;10.47285043;1.15;-4.8;7.1;0;0.5;61;17
2009;11;4;308;65;12.93126247;6.1;-1.7;13.9;0;0.5;69;10
2009;11;5;309;66;12.86963289;9.05;1.1;17;0;0.6;74;9
2009;11;6;310;67;10.18378285;9.3;4.1;14.5;0;0.6;82;14
2009;11;7;311;68;9.934902331;9.75;4.1;15.4;0;0.5;83;7
2009;11;8;312;69;7.988539918;8.7;6.2;11.2;0;0.5;70;7
2009;11;9;313;70;10.76101665;4.5;-0.8;9.8;0;0.6;60;29
2009;11;10;314;71;2.013227639;0.2;-2.6;3;5.3;0.4;63;23
2009;11;11;315;72;2.144639353;2.65;1.3;4;0;0.5;33;17
2009;11;12;316;73;4.598714246;1.4;-0.9;3.7;5.1;0.4;75;14
2009;11;13;317;74;5.588904878;0.5;-3.6;4.6;0;0.3;80;20
2009;11;14;318;75;4.806278354;1.4;-0.8;3.6;0;0.4;34;37
2009;11;15;319;76;3.288074669;-1.9;-4.4;0.6;0;0.4;30;43
2009;11;16;320;77;3.254976546;-2;-4.3;0.3;0;0.4;29;34
2009;11;17;321;78;8.2784817;-0.6;-5;3.8;0;0.2;29;21
2009;11;18;322;79;9.34325452;-0.35;-6.4;5.7;0;0.2;44;10
2009;11;19;323;80;5.71763834;-0.35;-3.9;3.2;0;0.3;33;25
2009;11;20;324;81;8.040254901;0.4;-4.1;4.9;0;0.3;32;29
2009;11;21;325;82;8.652698086;0.25;-5.1;5.6;0;0.2;45;14
2009;11;22;326;83;9.208119867;1.6;-4.3;7.5;0;0.2;58;14
2009;11;23;327;84;8.209369729;3.1;-3;9.2;0;0.2;64;12
2009;11;24;328;85;8.869810227;6.45;1.5;11.4;0;0.3;53;17
2009;11;25;329;86;7.369345515;4.55;-0.5;9.6;0;0.4;65;22
2009;11;26;330;87;3.434065699;3.3;1.4;5.2;0;0.3;77;11
2009;11;27;331;88;7.468257117;2.45;-1.8;6.7;0;0.2;68;16
2009;11;28;332;89;5.434692749;0.3;-3.6;4.2;0;0.3;81;15
2009;11;29;333;90;8.001794929;2.45;-2.7;7.6;0;0.2;76;18
2009;11;30;334;91;9.198244965;3.9;-2.5;10.3;0;0.2;70;15
2009;12;1;335;92;8.031980015;3.9;-1.2;9;0;0.2;74;18
2009;12;2;336;93;8.643277083;3.4;-1.6;8.4;0;0.3;61;33
2009;12;3;337;94;6.256269221;0.4;-4.4;5.2;0;0.1;53;19
2009;12;4;338;95;7.457246316;1.85;-2;5.7;0;0.4;54;33
2009;12;5;339;96;7.29318346;-1.25;-6.3;3.8;0;0.1;30;25
2009;12;6;340;97;6.842776565;-0.7;-5.5;4.1;0;0.1;50;12
2009;12;7;341;98;4.520311135;-1.35;-4.7;2;0;0.3;67;10
2009;12;8;342;99;9.460428347;2.35;-4.8;9.5;0;0;64;5
2009;12;9;343;100;3.193898394;-0.05;-4;3.9;0;0.3;72;15
2009;12;10;344;101;0.683079565;1.85;0.9;2.8;0;0.3;77;8
2009;12;11;345;102;5.157915046;2.3;0;4.6;0;0.4;38;37
2009;12;12;346;103;4.561720444;-1.45;-5.8;2.9;0;0.2;26;19
2009;12;13;347;104;5.491553452;1.15;-2.2;4.5;0;0;36;12
2009;12;14;348;105;5.879357525;-0.65;-4.6;3.3;0;0.1;53;17
2009;12;15;349;106;5.728866941;-1.8;-5.5;1.9;0;0.1;21;26
2009;12;16;350;107;5.351946233;-3.15;-7.1;0.8;0;0;28;15
2009;12;17;351;108;3.059729277;-4.35;-6.9;-1.8;0;0.2;22;38
2009;12;18;352;109;3.007277306;-4.85;-7.5;-2.2;0;0.1;22;34
2009;12;19;353;110;2.542924426;-4.3;-7.6;-1;0;0.1;21;32
2009;12;20;354;111;7.477090668;-0.35;-4.1;3.4;0;0;18;25
2009;12;21;355;112;8.668125081;-2.9;-10.1;4.3;0;0;41;6
2009;12;22;356;113;9.059649853;0.45;-6.7;7.6;0;0;38;10
2009;12;23;357;114;5.26645718;-1.4;-5.6;2.8;0;0.2;60;15
2009;12;24;358;115;6.39809224;-1.25;-4.3;1.8;0;0.3;76;16
2009;12;25;359;116;9.166344139;-3.65;-10.2;2.9;0;0.3;16;45
2009;12;26;360;117;3.287103977;-8.6;-12.1;-5.1;0;0.2;27;16
2009;12;27;361;118;5.914881578;-5.75;-9.4;-2.1;0;0.2;22;34
2009;12;28;362;119;4.066879509;-7.3;-11.7;-2.9;0;0.1;42;14
2009;12;29;363;120;5.357125518;-2.9;-7;1.2;0;0.2;35;24
2009;12;30;364;121;5.371724404;-3.8;-6.2;-1.4;0;0.2;22;38
2009;12;31;365;122;5.480507354;-7.75;-12.2;-3.3;0;0.1;27;22
2010;1;1;1;123;4.440657589;-5.9;-10.2;-1.6;0;0.2;36;16
2010;1;2;2;124;3.809613642;-4.2;-6.3;-2.1;0.4;0.2;79;21
2010;1;3;3;125;5.07074065;-7.15;-9.9;-4.4;9.9;0.2;86;27
2010;1;4;4;126;3.843600348;-10.95;-13.4;-8.5;0.1;0.2;39;50
2010;1;5;5;127;6.436152951;-11.55;-15.6;-7.5;0;0.1;41;23
2010;1;6;6;128;6.943510535;-11.3;-16.7;-5.9;0;0.1;41;15
2010;1;7;7;129;6.280434612;-8.95;-13.5;-4.4;0;0.1;41;13
2010;1;8;8;130;3.264709199;-9.75;-12.1;-7.4;0;0.2;60;9
2010;1;9;9;131;7.235078825;-8.1;-13.4;-2.8;0;0.1;57;16
2010;1;10;10;132;5.72479808;-6.9;-11;-2.8;0;0.2;58;19
2010;1;11;11;133;5.912653983;-6.2;-10;-2.4;0;0.2;28;28
2010;1;12;12;134;4.983496753;-7.85;-10.5;-5.2;0;0.3;28;48
2010;1;13;13;135;6.197345485;-9.55;-13.7;-5.4;0;0.1;36;22
2010;1;14;14;136;8.897968347;-6.55;-13.2;0.1;0;0.2;46;16
2010;1;15;15;137;7.598580459;-4.85;-9.2;-0.5;0;0.1;40;19
2010;1;16;16;138;6.091241151;-6.5;-10.7;-2.3;0;0.2;63;9
2010;1;17;17;139;7.854135902;-4.6;-9.5;0.3;0;0.2;67;10
2010;1;18;18;140;6.143103577;-2.95;-9.1;3.2;0;0.2;65;6
2010;1;19;19;141;1.861091425;1.25;0;2.5;0;0.4;67;11
2010;1;20;20;142;9.091085639;1.55;-2.4;5.5;0;0.7;45;48
2010;1;21;21;143;4.405735336;-4.8;-8.4;-1.2;0;0.3;24;30
2010;1;22;22;144;3.931799935;-3.2;-6.1;-0.3;0;0.4;24;43
2010;1;23;23;145;9.629406771;-0.55;-5.7;4.6;0;0.2;28;15
2010;1;24;24;146;10.97178063;-0.55;-7.7;6.6;0;0.3;40;22
2010;1;25;25;147;8.366940778;-2.4;-6.5;1.7;0;0.3;19;22
2010;1;26;26;148;6.850657076;-3.55;-9.1;2;0;0.2;38;8
2010;1;27;27;149;9.878689539;3;-2.8;8.8;0;0.3;40;12
2010;1;28;28;150;7.657439259;1.55;-1.8;4.9;0;0.6;24;45
2010;1;29;29;151;9.895998658;0.7;-5.5;6.9;0;0.4;28;27
2010;1;30;30;152;10.19220594;2.95;-2.4;8.3;0;0.2;25;10
2010;1;31;31;153;9.820938969;1.8;-3.2;6.8;0;0.4;28;20
2010;2;1;32;154;6.678818477;-1.5;-4.2;1.2;0;0.4;61;21
2010;2;2;33;155;8.993633829;-3.9;-8.6;0.8;0;0.4;55;19
2010;2;3;34;156;8.886268371;-3.75;-9;1.5;0;0.3;44;15
2010;2;4;35;157;8.385314186;-2.25;-6.8;2.3;0;0.3;38;9
2010;2;5;36;158;5.366709753;-3.25;-6.3;-0.2;0;0.5;46;26
2010;2;6;37;159;3.488403841;-4.2;-6.8;-1.6;0.3;0.4;68;18
2010;2;7;38;160;2.452331116;-3.8;-6.1;-1.5;1.8;0.4;80;13
2010;2;8;39;161;8.285625214;0.2;-4.8;5.2;0;0.5;71;15
2010;2;9;40;162;6.35797988;1.4;-1.7;4.5;0;0.5;59;12
2010;2;10;41;163;4.24037271;-0.8;-3.1;1.5;0;0.6;18;33
2010;2;11;42;164;4.085995677;-2.75;-4.5;-1;0;0.7;19;37
2010;2;12;43;165;9.761659964;-3.55;-7.8;0.7;0;0.5;23;23
2010;2;13;44;166;11.59233116;-3;-9.5;3.5;0;0.5;34;12
2010;2;14;45;167;6.651937495;-3;-5.5;-0.5;0;0.7;27;37
2010;2;15;46;168;12.03698677;-3.65;-9.2;1.9;0;0.6;23;22
2010;2;16;47;169;10.56430791;-3.55;-9.4;2.3;0;0.6;43;19
2010;2;17;48;170;9.2289693;-1.85;-5.3;1.6;0;0.8;28;40
2010;2;18;49;171;13.67696881;-1.7;-8.5;5.1;0;0.6;24;17
2010;2;19;50;172;15.30554106;1.95;-6.8;10.7;0;0.7;32;12
2010;2;20;51;173;14.27316229;2.85;-3.9;9.6;0;0.8;42;16
2010;2;21;52;174;15.91773988;5.5;-3.3;14.3;0;0.9;41;18
2010;2;22;53;175;12.95754541;2.45;-2.7;7.6;0;0.8;56;21
2010;2;23;54;176;12.0778466;1.85;-4.4;8.1;0;0.8;65;15
2010;2;24;55;177;11.34370916;5.75;0.2;11.3;0;0.8;64;20
2010;2;25;56;178;5.643557927;5.35;3.4;7.3;0;0.7;74;19
2010;2;26;57;179;6.27631114;2.2;-0.2;4.6;0;0.7;54;20
2010;2;27;58;180;5.356690621;0.1;-2.7;2.9;0;0.6;60;21
2010;2;28;59;181;10.47767045;1.4;-2.4;5.2;0.5;0.7;62;26
2010;3;1;60;182;3.93870273;-2.25;-4.3;-0.2;3.1;0.6;79;25
2010;3;2;61;183;15.65947016;2.15;-4.8;9.1;0;1;61;25
2010;3;3;62;184;8.309470735;2.05;-1.9;6;0;0.7;57;15
2010;3;4;63;185;10.56231679;3.7;0.3;7.1;0;0.8;63;21
2010;3;5;64;186;13.5984234;2.2;-2.2;6.6;0;1.3;20;45
2010;3;6;65;187;7.833144964;-1.5;-4.6;1.6;0;0.9;38;29
2010;3;7;66;188;5.870259728;-2.25;-5;0.5;0;0.7;51;25
2010;3;8;67;189;5.470233468;-2.5;-4.6;-0.4;2.8;0.7;74;17
2010;3;9;68;190;10.6654695;-2.5;-6.3;1.3;0;1.1;24;35
2010;3;10;69;191;17.57120277;1.05;-6.7;8.8;0;1.2;39;15
2010;3;11;70;192;12.27638477;3.65;-2.2;9.5;0;1;43;12
2010;3;12;71;193;12.05114621;7;4;10;0;1.7;19;45
2010;3;13;72;194;13.26440286;3.85;-0.8;8.5;0;1.4;41;35
2010;3;14;73;195;4.664338274;1.8;-0.3;3.9;8.2;0.8;78;18
2010;3;15;74;196;10.81759645;2.35;-0.8;5.5;0;1.4;43;37
2010;3;16;75;197;14.13054072;2.3;-3.3;7.9;0;1.3;30;15
2010;3;17;76;198;11.69280106;3.9;0.4;7.4;0;1.5;29;25
2010;3;18;77;199;8.678380107;2.95;-1.4;7.3;0;0.9;70;32
2010;3;19;78;200;4.595705641;5.85;3.3;8.4;0.1;0.9;82;18
2010;3;20;79;201;8.833039059;7.45;4.9;10;0;1.5;41;39
2010;3;21;80;202;16.46946129;8.35;2.4;14.3;0;1.6;30;26
2010;3;22;81;203;16.46822193;9.55;5.3;13.8;0;1.4;36;25
2010;3;23;82;204;15.27932375;7.35;1.6;13.1;0;1.8;30;34
2010;3;24;83;205;13.79666588;8.65;5.6;11.7;0;1.3;36;23
2010;3;25;84;206;12.9324383;4.75;0.6;8.9;2.9;1.8;36;38
2010;3;26;85;207;20.66244184;8.05;1;15.1;0;1.9;24;22
2010;3;27;86;208;19.00642105;6.85;1.6;12.1;0;1.8;34;19
2010;3;28;87;209;21.09363257;7.7;-0.9;16.3;0;2.1;39;26
2010;3;29;88;210;6.59019272;8.6;5.6;11.6;0;1.2;52;18
2010;3;30;89;211;4.92940094;9.3;7.5;11.1;4.4;1.1;85;15
2010;3;31;90;212;17.46821288;11.2;6.2;16.2;0.7;1.8;60;27
2010;4;1;91;213;13.10817761;9.75;5.8;13.7;0;2.3;13;37
2010;4;2;92;214;13.20549035;8.25;4.5;12;0;2.3;16;34
2010;4;3;93;215;17.82914198;8.95;2.4;15.5;0;2;28;24
2010;4;4;94;216;21.96270214;14.2;6.4;22;0;2.5;32;21
2010;4;5;95;217;19.22407033;12.5;8;17;0.6;2.2;59;34
2010;4;6;96;218;20.40816716;9.3;2.2;16.4;0;2.4;46;21
2010;4;7;97;219;20.93416847;12.7;5.1;20.3;0;2.9;28;52
2010;4;8;98;220;20.6301416;15.55;9.3;21.8;0;2.8;39;38
2010;4;9;99;221;19.26217885;14.2;8.9;19.5;0;1.7;52;37
2010;4;10;100;222;15.3954187;11.2;7;15.4;0;2.6;34;30
2010;4;11;101;223;6.128070667;8;5.3;10.7;1.1;1.3;61;21
2010;4;12;102;224;7.258044368;8.2;6.1;10.3;0.1;2.2;39;45
2010;4;13;103;225;12.56821273;7.35;3.5;11.2;0;2.5;16;40
2010;4;14;104;226;17.16501698;8.45;3.3;13.6;0;2.1;28;25
2010;4;15;105;227;7.619326489;6.9;4;9.8;0;1.3;69;21
2010;4;16;106;228;19.08103306;10.1;4.4;15.8;0;2.3;68;24
2010;4;17;107;229;5.810581803;8.75;5.4;12.1;0;1.3;73;17
2010;4;18;108;230;13.86464402;14.3;9.3;19.3;0;2.2;61;13
2010;4;19;109;231;10.52613615;15.05;12.9;17.2;1.1;1.6;68;14
2010;4;20;110;232;16.34206161;13.6;8;19.2;0;2.2;56;12
2010;4;21;111;233;7.067674694;13.7;11.9;15.5;0;1.7;53;28
2010;4;22;112;234;10.08978725;10.4;8.6;12.2;3.7;1.6;79;10
2010;4;23;113;235;25.17097379;12.05;2.8;21.3;0;2.9;43;16
2010;4;24;114;236;23.91096085;15.95;8.8;23.1;0;3.5;37;38
2010;4;25;115;237;22.64439218;15.35;9.8;20.9;9.1;2.2;61;29
2010;4;26;116;238;12.2785061;9.45;6.8;12.1;1.8;2.2;36;30
2010;4;27;117;239;18.71604866;8.7;2.8;14.6;0;2.9;24;41
2010;4;28;118;240;16.34614925;10.4;6.2;14.6;0;3.3;24;64
2010;4;29;119;241;23.21113446;12.25;5.1;19.4;0;3.3;26;32
2010;4;30;120;242;26.25345226;16.75;8.3;25.2;0;3.7;23;32
2010;5;1;121;243;26.86799099;21.3;10.4;32.2;0;4;26;29
2010;5;2;122;244;25.4728922;25.15;17.7;32.6;0;4.2;26;27
2010;5;3;123;245;20.46857796;21.55;16.2;26.9;0;2.7;32;21
2010;5;4;124;246;15.07276621;19.25;14.4;24.1;4.7;3.6;73;26
2010;5;5;125;247;17.01591859;20.6;16;25.2;5.2;3.3;63;39
2010;5;6;126;248;22.58030912;21.6;14.9;28.3;0;4.3;27;37
2010;5;7;127;249;23.03105423;22.4;16.2;28.6;0;4;28;27
2010;5;8;128;250;18.88742207;20.45;15;25.9;0;3.6;39;30
2010;5;9;129;251;13.95676846;18.95;15.7;22.2;1.1;3.7;32;48
2010;5;10;130;252;19.12541281;18.05;12.1;24;0;4.1;23;48
2010;5;11;131;253;19.88609542;19.45;14.7;24.2;0;4;29;35
2010;5;12;132;254;20.80762054;17.7;11.8;23.6;0;4;49;30
2010;5;13;133;255;21.50930613;19.1;12.6;25.6;0;4;43;20
2010;5;14;134;256;13.58742029;19.2;15.1;23.3;0;2.1;52;19
2010;5;15;135;257;22.90846932;21.7;15.4;28;0;3.9;53;18
2010;5;16;136;258;18.44770482;20.25;15.6;24.9;0.1;2.1;67;21
2010;5;17;137;259;8.763459808;16.9;14;19.8;0.6;2.1;81;20
2010;5;18;138;260;19.92239516;18.8;13.5;24.1;11.4;3.5;69;32
2010;5;19;139;261;28.46408963;22.65;13.2;32.1;0;4.7;42;28
2010;5;20;140;262;28.18609623;25.1;15.4;34.8;0;4.7;29;27
2010;5;21;141;263;18.81316079;24.5;19.9;29.1;0;3.5;41;16
2010;5;22;142;264;21.79304318;23.8;18;29.6;0;4.5;48;17
2010;5;23;143;265;28.07764605;26.5;18;35;0.3;4.9;46;24
2010;5;24;144;266;18.28159662;24.25;18.7;29.8;0;4.8;31;41
2010;5;25;145;267;19.74928384;26.55;21.2;31.9;0;4.8;22;27
2010;5;26;146;268;20.10875406;26.3;21.6;31;0;4.1;37;33
2010;5;27;147;269;12.52767731;22.35;19.1;25.6;0.3;2.3;63;18
2010;5;28;148;270;15.70371212;21.5;17.2;25.8;5.5;2.9;73;13
2010;5;29;149;271;27.13033101;25.1;17;33.2;0;4.8;52;22
2010;5;30;150;272;21.29190558;24.4;19.2;29.6;0.3;4.6;42;26
2010;5;31;151;273;19.43574012;22.75;17.7;27.8;0;3.4;55;18
2010;6;1;152;274;20.64699638;22.1;17.4;26.8;6.5;3.6;67;29
2010;6;2;153;275;14.85442901;20.35;16.7;24;41.9;2.7;73;18
2010;6;3;154;276;23.36693842;21.95;16.3;27.6;0;4.4;64;15
2010;6;4;155;277;23.20466381;22.5;16.9;28.1;0;4.5;50;14
2010;6;5;156;278;23.03676903;23.35;17.5;29.2;0;4.5;57;21
2010;6;6;157;279;21.91641172;24.8;19.3;30.3;0;4.5;53;23
2010;6;7;158;280;22.04993328;25.8;20.8;30.8;0;4.5;53;24
2010;6;8;159;281;23.11587699;25.8;20.2;31.4;0;4.1;46;22
2010;6;9;160;282;21.65553636;25.8;21;30.6;0;4.5;42;25
2010;6;10;161;283;15.41851299;23.35;20;26.7;1.5;2.9;64;16
2010;6;11;162;284;11.41741089;21.35;18.1;24.6;0;2.7;70;20
2010;6;12;163;285;19.82721543;24;18.6;29.4;0;4.2;65;15
2010;6;13;164;286;21.72259388;25.9;21.6;30.2;0.4;2.9;67;27
2010;6;14;165;287;21.73495401;24.3;18.6;30;10.4;4.6;72;21
2010;6;15;166;288;23.92040726;27.4;21.2;33.6;0;4.9;65;17
2010;6;16;167;289;21.52907615;27.4;23.7;31.1;2.8;4.5;61;35
2010;6;17;168;290;10.87631253;21.55;18.5;24.6;25.2;2.2;80;18
2010;6;18;169;291;15.90523328;22.45;18.6;26.3;0;2.6;72;16
2010;6;19;170;292;22.95479799;24.75;18.4;31.1;0;4.7;69;16
2010;6;20;171;293;25.84823174;28.1;22.5;33.7;0;5.5;54;24
2010;6;21;172;294;18.09154261;25.5;20.4;30.6;0;3.6;55;18
2010;6;22;173;295;18.61492501;27;23.6;30.4;0;4.8;56;22
2010;6;23;174;296;23.05418146;24.9;19.6;30.2;0;4.8;42;21
2010;6;24;175;297;25.02192698;25.65;19.4;31.9;0;5;46;14
2010;6;25;176;298;22.4122295;26.25;20.9;31.6;0;4.4;52;20
2010;6;26;177;299;19.73777289;26.3;21.5;31.1;0;4.3;55;15
2010;6;27;178;300;18.84360548;26.9;22.2;31.6;0;3.7;51;21
2010;6;28;179;301;16.29074512;27.1;23.2;31;0;4.3;63;24
2010;6;29;180;302;14.5937984;26.95;22.9;31;0;3.8;65;16
2010;6;30;181;303;10.2697328;27;24.4;29.6;0;2.5;69;19
2010;7;1;182;304;10.95342659;25.35;23.1;27.6;2.6;2.3;80;13
2010;7;2;183;305;28.78270469;28.6;20.5;36.7;0;5.2;55;15
2010;7;3;184;306;26.71650979;31.15;24.5;37.8;0;5.4;50;16
2010;7;4;185;307;24.8744771;31.65;26.4;36.9;0;4.7;51;22
2010;7;5;186;308;29.53847065;32.8;25;40.6;0;5.7;31;25
2010;7;6;187;309;28.70024423;32.3;25.4;39.2;0;5.3;21;26
2010;7;7;188;310;22.29359019;29.4;24.5;34.3;0;3.2;55;28
2010;7;8;189;311;27.72100173;30.35;24.2;36.5;0;5.3;40;14
2010;7;9;190;312;22.55832056;27.05;22.2;31.9;7.5;3.2;66;26
2010;7;10;191;313;3.697740045;23.1;21.4;24.8;9.5;2.2;86;25
2010;7;11;192;314;6.927123479;24.2;21.9;26.5;0.4;2.3;82;20
2010;7;12;193;315;4.843840276;24.1;22.2;26;0;2.3;84;19
2010;7;13;194;316;3.57028191;24.45;22.5;26.4;0.7;2.3;79;13
2010;7;14;195;317;4.826395803;26;24.1;27.9;0.1;2.3;75;9
2010;7;15;196;318;2.273044471;25.45;24.4;26.5;3.4;2.3;83;12
2010;7;16;197;319;17.92764025;28.15;23.7;32.6;0;4.1;74;17
2010;7;17;198;320;17.07666551;28.95;24.9;33;0.1;4.3;61;27
2010;7;18;199;321;22.60394492;29.65;25.1;34.2;0;4.6;65;18
2010;7;19;200;322;18.72795641;26.75;22.7;30.8;6.2;2.3;80;19
2010;7;20;201;323;21.54748835;26.9;21.6;32.2;3.5;4.6;67;18
2010;7;21;202;324;20.82397864;28.2;23.1;33.3;0;5.1;68;19
2010;7;22;203;325;20.0731214;29.45;24.4;34.5;0;4.5;69;18
2010;7;23;204;326;19.7828367;30.8;26.1;35.5;0;5.2;64;23
2010;7;24;205;327;19.48927517;31.1;26.6;35.6;0;5.3;63;21
2010;7;25;206;328;19.31462596;31.1;26.5;35.7;0;4.9;63;23
2010;7;26;207;329;16.42787877;30.9;26.9;34.9;0;2.5;65;20
2010;7;27;208;330;16.64909645;31;27.1;34.9;0;4.3;66;30
2010;7;28;209;331;17.52001032;31.15;26.7;35.6;0;4.5;67;25
2010;7;29;210;332;17.59498771;31.8;27.8;35.8;0;3.8;72;22
2010;7;30;211;333;12.61757155;30.85;27;34.7;0;2.4;76;23
2010;7;31;212;334;13.84746512;31.45;29.2;33.7;0;2.7;65;23
2010;8;1;213;335;15.05071552;27.95;24.1;31.8;0.1;0;62;14
2010;8;2;214;336;19.28751737;28.8;24.4;33.2;0;0;44;16
2010;8;3;215;337;18.7554429;27.95;23.5;32.4;0;0;61;21
2010;8;4;216;338;10.33319689;26.35;23.2;29.5;25.9;0;77;19
2010;8;5;217;339;20.18353371;28.3;24;32.6;0;0;43;24
2010;8;6;218;340;18.78161598;26.4;21.7;31.1;0;0;35;21
2010;8;7;219;341;17.77164854;26.3;22.2;30.4;0;0;62;28
2010;8;8;220;342;14.93307436;25.9;21.1;30.7;2.8;0;74;18
2010;8;9;221;343;9.185317245;27.9;25;30.8;0;0;76;12
2010;8;10;222;344;15.45877479;29.25;25.5;33;0;0;61;12
2010;8;11;223;345;6.506323949;26.45;24.7;28.2;0.1;0;80;24
2010;8;12;224;346;15.32851048;27.35;22.6;32.1;0;0;75;20
2010;8;13;225;347;6.326780265;27.65;25.8;29.5;0;0;84;18
2010;8;14;226;348;24.43665031;30;24.2;35.8;0;0;49;29
2010;8;15;227;349;24.48415275;28.45;21.5;35.4;0;0;35;20
2010;8;16;228;350;22.65414066;29.1;23.1;35.1;0;0;48;24
2010;8;17;229;351;16.0818436;28.25;23.7;32.8;0;0;57;25
2010;8;18;230;352;11.18509731;27.45;25.2;29.7;2.7;0;75;18
2010;8;19;231;353;7.883861635;24.55;21.3;27.8;38.8;0;83;14
2010;8;20;232;354;17.54822697;27.55;23.9;31.2;0;0;76;15
2010;8;21;233;355;12.05188143;23.4;20.3;26.5;78.9;0;90;18
2010;8;22;234;356;18.00250082;24.05;19;29.1;1;0;65;19
2010;8;23;235;357;18.41422453;25.55;20.4;30.7;0;0;70;18
2010;8;24;236;358;16.64470022;25.3;21.7;28.9;0;0;74;22
2010;8;25;237;359;20.12467469;24.3;18.4;30.2;0;0;67;12
2010;9;1;244;1;10.52761412;24.05;20.3;27.8;24.6;2.6;71;28
2010;9;2;245;2;14.99115586;25.7;21.6;29.8;0;3.1;64;13
2010;9;3;246;3;7.999587296;23.4;20.2;26.6;1.1;1.8;72;15
2010;9;4;247;4;11.23548751;25;21.4;28.6;0;2.9;64;15
2010;9;5;248;5;13.9864502;25.45;21.3;29.6;0;3.1;71;15
2010;9;6;249;6;14.90692485;26.05;20.8;31.3;0;3.2;72;8
2010;9;7;250;7;9.680458058;25.7;23.7;27.7;0;1.8;66;18
2010;9;8;251;8;14.01165657;22.85;18.4;27.3;0;2.6;54;17
2010;9;9;252;9;12.15713812;22.7;18.8;26.6;0;2.4;65;19
2010;9;10;253;10;19.34237642;24.9;18.7;31.1;0;3.3;48;19
2010;9;11;254;11;20.25284337;25.95;19.3;32.6;0;3.2;45;16
2010;9;12;255;12;19.30340183;26.1;19.8;32.4;0;3.3;55;16
2010;9;13;256;13;18.55838562;26.4;20.4;32.4;0;3.3;58;14
2010;9;14;257;14;16.96949482;26.5;20.8;32.2;0;3;57;15
2010;9;15;258;15;9.982175323;25.85;22.1;29.6;0;1.9;71;19
2010;9;16;259;16;13.4095507;25.2;23;27.4;0.1;1.7;75;32
2010;9;17;260;17;13.95084646;18.6;14.2;23;8.8;1.3;92;28
2010;9;18;261;18;3.513275762;15.95;13.5;18.4;21;1.4;87;20
2010;9;19;262;19;10.38498558;19.75;15.6;23.9;0.3;1.7;73;18
2010;9;20;263;20;7.77847604;19.4;17.4;21.4;0.1;1.3;83;16
2010;9;21;264;21;9.421779206;15.5;13.1;17.9;24.8;1.3;82;35
2010;9;22;265;22;18.78278363;15.5;8.7;22.3;0;2.2;49;19
2010;9;23;266;23;19.65378079;17.6;9.4;25.8;0;2.4;54;21
2010;9;24;267;24;16.89306686;18.55;12.9;24.2;0;2.3;62;27
2010;9;25;268;25;13.65097403;16.95;12.1;21.8;0;2;71;21
2010;9;26;269;26;17.80440937;18.7;12.5;24.9;0;2.1;42;16
2010;9;27;270;27;15.73173676;17.15;11.6;22.7;0;2.2;31;35
2010;9;28;271;28;13.76778957;15.65;11.6;19.7;0;1.8;28;22
2010;9;29;272;29;15.88349474;14.45;8.2;20.7;0;1.8;53;19
2010;9;30;273;30;17.00298995;17.4;10.3;24.5;0;2;66;13
2010;10;1;274;31;11.48780057;18.45;13.4;23.5;0;1.4;74;15
2010;10;2;275;32;7.401591444;19.35;16.3;22.4;23.1;1.8;65;26
2010;10;3;276;33;15.00635784;19.7;15.7;23.7;0;2.2;27;46
2010;10;4;277;34;17.37817815;16.55;9.2;23.9;0;1.8;50;14
2010;10;5;278;35;17.55234072;18.5;10.6;26.4;0;1.9;57;15
2010;10;6;279;36;15.54879022;19.35;13.1;25.6;0;1.9;72;16
2010;10;7;280;37;13.40462578;18.75;13.8;23.7;0;1.6;75;15
2010;10;8;281;38;14.9022168;18.55;12.8;24.3;0;1.6;65;21
2010;10;9;282;39;11.92187313;17.45;12.2;22.7;0;1;73;11
2010;10;10;283;40;5.116066154;16.6;14.2;19;3.3;1;85;11
2010;10;11;284;41;12.37106016;16.75;13.1;20.4;21.8;1.7;50;33
2010;10;12;285;42;13.24173121;13.35;7.7;19;0;1.4;58;19
2010;10;13;286;43;13.10849273;15.6;8.7;22.5;0;1.4;63;18
2010;10;14;287;44;10.49308208;17.9;14.7;21.1;0;1.5;21;36
2010;10;15;288;45;13.98658802;15.2;9.7;20.7;0;1.4;29;35
2010;10;16;289;46;13.25201257;13.55;7.9;19.2;0;1.4;57;32
2010;10;17;290;47;5.527629772;10.5;7.9;13.1;0;0.9;37;15
2010;10;18;291;48;1.303001135;7.9;6.6;9.2;3.1;0.7;68;18
2010;10;19;292;49;3.522921631;9;6.5;11.5;0;0.7;79;11
2010;10;20;293;50;1.8270728;9.7;7.4;12;0;0.7;77;13
2010;10;21;294;51;0.960251621;11.6;10.2;13;0;0.7;75;8
2010;10;22;295;52;1.159859078;12.75;11.2;14.3;0;0.8;79;14
2010;10;23;296;53;5.259905898;14.05;12.3;15.8;0.4;0.7;82;8
2010;10;24;297;54;9.639214512;11.15;7.5;14.8;7.3;0.8;77;27
2010;10;25;298;55;11.29334716;9;4;14;0;0.9;24;36
2010;10;26;299;56;7.706481889;6;2.9;9.1;0;0.7;23;26
2010;10;27;300;57;11.69397707;5.55;-0.2;11.3;0;0.7;49;18
2010;10;28;301;58;14.46631057;9.1;0.4;17.8;0;0.7;52;15
2010;10;29;302;59;14.43432997;11.2;2.6;19.8;0;0.7;46;14
2010;10;30;303;60;14.24277767;11.8;3.4;20.2;0;0.7;47;13
2010;10;31;304;61;13.84268726;12;3.7;20.3;0;0.7;55;9
2010;11;1;305;62;11.66690218;10.6;5.4;15.8;0;0.8;35;32
2010;11;2;306;63;11.54028883;7.55;1.2;13.9;0;0.6;29;23
2010;11;3;307;64;13.44440004;10.55;1.6;19.5;0;0.6;50;10
2010;11;4;308;65;13.07266649;11.9;4;19.8;0;0.5;45;12
2010;11;5;309;66;12.82839151;12;3.7;20.3;0;0.6;52;12
2010;11;6;310;67;9.334236253;11.55;5.6;17.5;0;0.6;65;15
2010;11;7;311;68;7.68666976;11.6;8.5;14.7;0;0.7;41;30
2010;11;8;312;69;9.591767929;7.4;3;11.8;0;0.5;26;31
2010;11;9;313;70;9.788301946;4.6;-1.3;10.5;0;0.4;42;12
2010;11;10;314;71;8.320143828;5.9;-0.3;12.1;0;0.4;55;14
2010;11;11;315;72;7.627172234;8.5;4.9;12.1;0;0.7;36;45
2010;11;12;316;73;8.480138783;6.8;0.9;12.7;0;0.4;38;15
2010;11;13;317;74;6.740296272;7.05;4.2;9.9;0;0.4;23;34
2010;11;14;318;75;8.397105305;3.2;-1.4;7.8;0;0.4;34;24
2010;11;15;319;76;7.465506764;1.45;-3.5;6.4;0;0.3;38;19
2010;11;16;320;77;10.91428837;5.1;-2.4;12.6;0;0.3;45;19
2010;11;17;321;78;8.613627808;4.95;-1;10.9;0;0.3;60;9
2010;11;18;322;79;6.758895992;5.55;1.2;9.9;0;0.4;69;12
2010;11;19;323;80;9.367797381;7.35;0.9;13.8;0;0.4;63;16
2010;11;20;324;81;8.285505557;8.1;2.6;13.6;0;0.3;63;12
2010;11;21;325;82;7.963093473;7.3;3.2;11.4;0;0.5;36;39
2010;11;22;326;83;9.106439747;4.75;-1.2;10.7;0;0.1;28;13
2010;11;23;327;84;7.224464737;3.5;-1.5;8.5;0;0.2;42;10
2010;11;24;328;85;8.025636118;3.5;-0.9;7.9;0;0.3;29;35
2010;11;25;329;86;8.181519706;1.15;-4.8;7.1;0;0.2;32;20
2010;11;26;330;87;3.277852544;0.55;-3.1;4.2;0;0.3;47;14
2010;11;27;331;88;6.979864804;4;0;8;0;0.4;14;44
2010;11;28;332;89;6.492254771;1.65;-3.4;6.7;0;0.1;34;14
2010;11;29;333;90;4.150750658;1.35;-1.6;4.3;0;0.3;69;15
2010;11;30;334;91;1.908512862;-0.05;-3.3;3.2;0;0.3;85;12
2010;12;1;335;92;0.320560382;1.65;1.1;2.2;0;0.3;83;13
2010;12;2;336;93;7.458880752;4;-0.1;8.1;0;0.3;36;36
2010;12;3;337;94;7.070341601;0.5;-5;6;0;0.1;32;24
2010;12;4;338;95;7.213019032;2.15;-3.4;7.7;0;0.1;46;11
2010;12;5;339;96;9.436677856;5.65;-2.1;13.4;0;0.3;38;34
2010;12;6;340;97;5.143609108;2.6;-0.4;5.6;0;0.2;21;37
2010;12;7;341;98;6.272223858;1.15;-4.5;6.8;0;0;33;14
2010;12;8;342;99;6.439435808;3.9;-0.7;8.5;0;0.1;28;25
2010;12;9;343;100;4.301748995;2.15;-1.6;5.9;0;0.1;46;13
2010;12;10;344;101;7.808943888;3.85;-1;8.7;0;0.3;37;40
2010;12;11;345;102;4.128877587;-1.25;-5;2.5;0;0.2;28;42
2010;12;12;346;103;4.468509832;-0.7;-4.1;2.7;0;0.3;54;25
2010;12;13;347;104;5.364814562;-2;-5.4;1.4;0;0.3;22;41
2010;12;14;348;105;4.481660721;-5.6;-8.8;-2.4;0;0.3;18;51
2010;12;15;349;106;3.28015055;-7.25;-11;-3.5;0;0.2;17;43
2010;12;16;350;107;6.169018298;-3.15;-8.3;2;0;0.1;21;25
2010;12;17;351;108;8.151284106;0;-6.8;6.8;0;0;28;18
2010;12;18;352;109;6.844026199;0.75;-4.9;6.4;0;0.2;43;19
2010;12;19;353;110;9.177198923;4.25;-3.3;11.8;0;0;42;16
2010;12;20;354;111;9.052009303;4.05;-3.9;12;0;0;35;11
2010;12;21;355;112;6.352461886;2.65;-2.1;7.4;0;0.1;54;11
2010;12;22;356;113;8.031749169;2.35;-2.8;7.5;0;0.2;33;37
2010;12;23;357;114;8.057928141;-1.95;-7.2;3.3;0;0.3;24;43
2010;12;24;358;115;3.596097314;-7.3;-11.3;-3.3;0;0.1;20;27
2010;12;25;359;116;3.730174328;-5.25;-8.4;-2.1;0;0.2;22;28
2010;12;26;360;117;6.76748619;-3.65;-9.2;1.9;0;0;32;16
2010;12;27;361;118;8.191607231;-0.45;-7.8;6.9;0;0.1;34;19
2010;12;28;362;119;4.055965196;-0.7;-3.9;2.5;0;0;21;21
2010;12;29;363;120;4.939676912;-1.8;-5.2;1.6;0;0.3;27;39
2010;12;30;364;121;1.840860912;-5.8;-7.7;-3.9;0;0.3;21;51
2010;12;31;365;122;2.694535285;-5.9;-8.9;-2.9;0;0.4;22;63
2011;1;1;1;123;4.57940698;-3.4;-6.9;0.1;0;0.2;24;34
2011;1;2;2;124;3.526481625;-3.95;-6.8;-1.1;0;0.2;30;22
2011;1;3;3;125;5.713603498;-3.5;-7.1;0.1;0;0.2;39;12
2011;1;4;4;126;7.969060223;-3;-8.9;2.9;0;0.1;41;17
2011;1;5;5;127;4.321908263;-3.7;-7.1;-0.3;0;0.3;24;51
2011;1;6;6;128;5.664054113;-3.35;-6.7;0;0;0.2;25;41
2011;1;7;7;129;6.208866347;-4.1;-9.2;1;0;0.1;30;16
2011;1;8;8;130;4.75141077;-2.9;-5.8;0;0;0.5;26;41
2011;1;9;9;131;5.133648007;-5;-8.1;-1.9;0;0.2;21;41
2011;1;10;10;132;6.144752607;-5.3;-10.3;-0.3;0;0.2;26;22
2011;1;11;11;133;6.093248181;-3.65;-6.9;-0.4;0;0.3;20;41
2011;1;12;12;134;8.418788575;-4.5;-10.3;1.3;0;0.1;27;17
2011;1;13;13;135;8.23794103;-2.65;-9;3.7;0;0;29;7
2011;1;14;14;136;6.086723219;-2.2;-4.8;0.4;0;0.4;19;56
2011;1;15;15;137;6.432513294;-6.6;-10.5;-2.7;0;0.3;17;37
2011;1;16;16;138;7.511345103;-6.6;-11.6;-1.6;0;0.1;25;12
2011;1;17;17;139;7.663906219;-5.7;-10.5;-0.9;0;0.2;30;22
2011;1;18;18;140;7.137009619;-5.8;-10.4;-1.2;0;0.2;24;25
2011;1;19;19;141;8.889687937;-4.5;-9.8;0.8;0;0.2;22;20
2011;1;20;20;142;8.430810839;-5.25;-10.4;-0.1;0;0.2;25;27
2011;1;21;21;143;9.697155639;-4.2;-10.2;1.8;0;0.2;27;14
2011;1;22;22;144;8.204834807;-4.5;-9.9;0.9;0;0.3;33;27
2011;1;23;23;145;6.759364084;-4.3;-7.8;-0.8;0;0.4;21;40
2011;1;24;24;146;8.276222927;-4.95;-10.2;0.3;0;0.2;26;14
2011;1;25;25;147;8.359710533;-4.4;-8.5;-0.3;0;0.2;24;21
2011;1;26;26;148;9.849320827;-5.2;-11.4;1;0;0.2;29;13
2011;1;27;27;149;5.542428842;-5.6;-9.3;-1.9;0;0.4;26;19
2011;1;28;28;150;8.669665898;-4.15;-8.3;0;0;0.4;21;28
2011;1;29;29;151;8.950910803;-5.95;-11.1;-0.8;0;0.3;19;25
2011;1;30;30;152;11.61933438;-3.25;-10.3;3.8;0;0.3;23;18
2011;1;31;31;153;12.33510177;-0.45;-9.4;8.5;0;0.3;27;10
2011;2;1;32;154;12.29857289;1.35;-6.6;9.3;0;0.3;24;10
2011;2;2;33;155;10.088597;0.1;-6.6;6.8;0;0.5;23;26
2011;2;3;34;156;9.737138546;2;-2.9;6.9;0;0.5;21;24
2011;2;4;35;157;11.79790119;1.3;-5.3;7.9;0;0.5;31;18
2011;2;5;36;158;6.776957486;-1.9;-6.4;2.6;0;0.4;57;11
2011;2;6;37;159;12.22201954;3.3;-4.4;11;0;0.5;35;20
2011;2;7;38;160;7.469013845;1.5;-1.7;4.7;0;0.5;48;12
2011;2;8;39;161;12.60040161;1.2;-5.8;8.2;0;0.5;46;17
2011;2;9;40;162;7.698035217;-1.65;-6.3;3;0;0.5;61;21
2011;2;10;41;163;4.611488345;-2.6;-4.7;-0.5;3.5;0.4;81;19
2011;2;11;42;164;9.120702716;-3.8;-8.3;0.7;0;0.6;51;38
2011;2;12;43;165;3.951909109;-6;-9.4;-2.6;0;0.5;31;25
2011;2;13;44;166;4.768854873;-4.4;-6.6;-2.2;1.6;0.4;78;16
2011;2;14;45;167;9.779226194;-4.5;-9.8;0.8;0;0.5;32;22
2011;2;15;46;168;10.44970373;-2.8;-8.3;2.7;0;0.6;61;17
2011;2;16;47;169;8.712260225;-2;-7;3;0;0.5;63;13
2011;2;17;48;170;13.63684284;1.8;-4.6;8.2;0;0.7;55;14
2011;2;18;49;171;13.12606701;0.6;-6.5;7.7;0;0.7;53;15
2011;2;19;50;172;14.61133208;3.8;-3.7;11.3;0;0.8;49;13
2011;2;20;51;173;12.46517291;2.6;-3.6;8.8;0;0.6;57;10
2011;2;21;52;174;11.10749031;3;-2.2;8.2;0;0.6;66;13
2011;2;22;53;175;10.68242812;3.2;-2;8.4;0;0.6;61;14
2011;2;23;54;176;9.1301295;3.9;-0.9;8.7;0;0.7;60;18
2011;2;24;55;177;14.40416861;6.45;1.1;11.8;0;1.1;39;34
2011;2;25;56;178;11.2251628;1.3;-4.1;6.7;0;0.8;50;19
2011;2;26;57;179;4.608528823;0.6;-2.5;3.7;4.5;0.6;69;14
2011;2;27;58;180;2.247478368;0.45;-0.9;1.8;2.7;0.7;72;19
2011;2;28;59;181;8.230774186;1.6;-2.7;5.9;0;1;45;26
2011;3;1;60;182;11.32725823;2.9;-1.7;7.5;0;1;29;25
2011;3;2;61;183;10.36463331;1.7;-3.8;7.2;0;1;29;23
2011;3;3;62;184;13.4394282;4.55;-0.7;9.8;0;1.2;22;32
2011;3;4;63;185;14.70216265;4.55;-3.3;12.4;0;1.1;34;16
2011;3;5;64;186;10.25087043;7.75;2.3;13.2;0;1.3;39;22
2011;3;6;65;187;7.4953719;8.55;5.8;11.3;0;1.5;18;41
2011;3;7;66;188;9.232308403;6.6;2.2;11;0;1.3;19;24
2011;3;8;67;189;12.0895927;7.1;3.1;11.1;0;1.4;17;27
2011;3;9;68;190;16.01333699;5.65;-1.3;12.6;0;1.4;18;30
2011;3;10;69;191;17.87540988;8.05;-0.5;16.6;0;1.4;21;15
2011;3;11;70;192;13.67659238;7.85;1.9;13.8;0;1.3;27;15
2011;3;12;71;193;16.05284408;10.4;3.5;17.3;0;1.5;42;16
2011;3;13;72;194;16.99093154;11.95;5;18.9;0;1.8;38;42
2011;3;14;73;195;8.351107189;7.75;5;10.5;0;1.4;16;39
2011;3;15;74;196;12.61923172;5.7;1.1;10.3;0;1.7;15;47
2011;3;16;75;197;15.11379518;5.45;-0.5;11.4;0;1.6;20;27
2011;3;17;76;198;18.27962914;8.6;-0.1;17.3;0;1.8;33;25
2011;3;18;77;199;14.9933991;10.2;5.3;15.1;0;1.7;24;33
2011;3;19;78;200;14.28666843;8.15;2.1;14.2;0;1.5;23;18
2011;3;20;79;201;11.11478476;8.35;4.7;12;0;1.3;40;23
2011;3;21;80;202;12.155089;5.55;1.8;9.3;0;1.7;23;36
2011;3;22;81;203;16.12357174;4.7;-1.8;11.2;0;1.7;12;32
2011;3;23;82;204;14.6311881;6.55;0.5;12.6;0;1.7;18;27
2011;3;24;83;205;15.05458307;7.85;3.3;12.4;0;2.1;12;45
2011;3;25;84;206;19.05244557;7.4;-0.3;15.1;0;1.8;16;21
2011;3;26;85;207;17.12033174;8.7;2.3;15.1;0;1.9;26;22
2011;3;27;86;208;19.92453465;11.15;3.5;18.8;0;2.1;14;23
2011;3;28;87;209;16.9258689;9.8;4.6;15;0;2.1;29;25
2011;3;29;88;210;22.09433719;11.45;1.7;21.2;0;2.2;33;18
2011;3;30;89;211;21.70277642;13.7;4.8;22.6;0;2.4;22;26
2011;3;31;90;212;21.44888937;14.45;7;21.9;0;2.1;39;18
2011;4;1;91;213;18.99140263;10.6;4.1;17.1;2.6;1.6;40;38
2011;4;2;92;214;16.21444266;8.6;3.4;13.8;3.4;2.2;56;23
2011;4;3;93;215;21.85895994;10.35;1.8;18.9;0;2.4;36;26
2011;4;4;94;216;21.4018228;12;3.5;20.5;0;2.5;28;24
2011;4;5;95;217;13.34166389;12.4;6.7;18.1;0;2.3;28;26
2011;4;6;96;218;9.702727689;14.1;10.8;17.4;0;2.2;42;23
2011;4;7;97;219;19.86789746;14.45;9.1;19.8;0;2.6;25;44
2011;4;8;98;220;20.17659033;11.65;3.7;19.6;0;2.6;18;31
2011;4;9;99;221;22.52403768;17.1;8.4;25.8;0;2.8;22;26
2011;4;10;100;222;19.89108301;16.95;11.4;22.5;0;2.9;14;36
2011;4;11;101;223;20.14378186;14.2;7.4;21;0;2.6;9;22
2011;4;12;102;224;22.91842951;16.65;8.2;25.1;0;3.1;24;32
2011;4;13;103;225;20.33034831;17.1;10.3;23.9;0;2.8;43;16
2011;4;14;104;226;23.72463433;20.75;11.2;30.3;0;3.3;32;21
2011;4;15;105;227;18.86984032;20.4;16.2;24.6;0;3.5;18;40
2011;4;16;106;228;16.97091768;16.1;9.1;23.1;0;3.2;28;38
2011;4;17;107;229;9.425523615;18.1;15.6;20.6;0;3.5;22;54
2011;4;18;108;230;18.04513185;16.2;11.6;20.8;0;3;12;24
2011;4;19;109;231;21.04517762;14.7;7.5;21.9;0;3.1;28;33
2011;4;20;110;232;20.60928296;16.6;10;23.2;0;2.7;41;17
2011;4;21;111;233;19.02056544;15.75;10.9;20.6;2.7;1.7;63;24
2011;4;22;112;234;15.59869443;12.3;7;17.6;5;2.4;70;23
2011;4;23;113;235;17.24966039;13.65;8.7;18.6;0;2.9;44;35
2011;4;24;114;236;20.44166337;14.5;7.4;21.6;0;3.2;26;24
2011;4;25;115;237;11.50798037;14.65;11.1;18.2;0;2.2;52;27
2011;4;26;116;238;21.31617437;15.5;9.8;21.2;0;3;45;18
2011;4;27;117;239;19.5083013;14;7;21;0;3.4;37;29
2011;4;28;118;240;16.16322803;17;11.8;22.2;0;3.2;40;21
2011;4;29;119;241;11.04027812;16.7;13;20.4;1.6;2.3;67;23
2011;4;30;120;242;10.59122236;16.95;12.9;21;0;2.8;57;36
2011;5;1;121;243;24.55762988;21.2;15.1;27.3;0;3.7;18;39
2011;5;2;122;244;24.66152659;18.7;10.4;27;0;3.7;19;26
2011;5;3;123;245;18.43902435;19.75;14.5;25;0;3.3;14;21
2011;5;4;124;246;11.13060264;17.85;14.7;21;0;2;53;26
2011;5;5;125;247;22.56048257;18.5;13;24;0;3.1;45;20
2011;5;6;126;248;24.89834237;18.05;9.7;26.4;0;3.6;24;16
2011;5;7;127;249;24.48082847;20.8;14.3;27.3;0;4;29;26
2011;5;8;128;250;18.89915409;17.5;12.4;22.6;13.4;2.5;64;29
2011;5;9;129;251;22.58924049;18.75;11.9;25.6;3.4;2.8;56;14
2011;5;10;130;252;21.41887057;19.9;14.4;25.4;0.5;3.3;46;23
2011;5;11;131;253;23.57365837;20.25;13;27.5;0;3.8;49;29
2011;5;12;132;254;11.95272932;20.1;16;24.2;0;4.4;13;53
2011;5;13;133;255;17.4960425;22.3;17.7;26.9;0;4.3;13;39
2011;5;14;134;256;24.4957701;23.35;16.8;29.9;0;4.5;16;40
2011;5;15;135;257;25.02052164;21.7;16;27.4;0;4.2;21;33
2011;5;16;136;258;26.42183454;19.9;11.1;28.7;0;4.2;29;25
2011;5;17;137;259;17.24951185;21.4;16.2;26.6;0;3.3;48;22
2011;5;18;138;260;20.62828091;23.25;18.1;28.4;0;3.3;53;26
2011;5;19;139;261;14.70665062;20.9;16.7;25.1;0;3.9;31;33
2011;5;20;140;262;10.45975373;18.8;16.8;20.8;0;2.9;27;30
2011;5;21;141;263;25.67942394;18.8;11.5;26.1;0;4.1;21;37
2011;5;22;142;264;28.31600464;21.4;12.6;30.2;0;4.5;29;35
2011;5;23;143;265;23.84401781;21.05;14;28.1;0;4.3;42;36
2011;5;24;144;266;18.4746151;22;16.9;27.1;0;4.2;45;38
2011;5;25;145;267;19.73038825;22.8;17.6;28;0;4.6;43;33
2011;5;26;146;268;22.73311059;22.8;17.6;28;0.6;3.4;51;28
2011;5;27;147;269;22.41520425;21.6;14.6;28.6;0;4.4;63;22
2011;5;28;148;270;22.08370334;25.6;19.2;32;0;4.7;55;30
2011;5;29;149;271;13.7600319;25.3;21.8;28.8;0;2.8;61;21
2011;5;30;150;272;16.79798474;25.2;20.1;30.3;3.9;4;55;16
2011;5;31;151;273;12.73548122;25.85;22.4;29.3;0;4.5;29;35
2011;6;1;152;274;22.76749551;26.85;21.5;32.2;0;4.7;25;22
2011;6;2;153;275;26.10733704;27.45;19.6;35.3;0;5.1;30;37
2011;6;3;154;276;20.51918146;27.95;23.5;32.4;0;4.8;23;33
2011;6;4;155;277;23.23001456;25.55;20.3;30.8;0.1;3.9;33;21
2011;6;5;156;278;24.69975959;25.25;17.6;32.9;0;4.8;39;24
2011;6;6;157;279;15.96567068;26.35;22.8;29.9;0.1;3;52;12
2011;6;7;158;280;28.84820848;27.6;19.9;35.3;6.8;4.6;64;29
2011;6;8;159;281;26.42257046;25.5;18;33;12;5.1;47;25
2011;6;9;160;282;21.91336928;26.4;20.3;32.5;0;4.9;57;20
2011;6;10;161;283;26.46777778;28.2;22.5;33.9;0;4;42;26
2011;6;11;162;284;23.38962524;23.4;17.6;29.2;14.4;4.2;67;23
2011;6;12;163;285;28.81860121;25.9;17.1;34.7;0;5.1;41;18
2011;6;13;164;286;25.63039794;27.4;20;34.8;0;5.2;43;21
2011;6;14;165;287;22.38479023;28.55;23.2;33.9;0;4.5;38;28
2011;6;15;166;288;20.83965997;26.65;22;31.3;2.3;3.5;65;28
2011;6;16;167;289;4.783849451;21.9;19.5;24.3;0.8;2.3;70;31
2011;6;17;168;290;18.20431028;25.6;20.9;30.3;0;4.7;60;20
2011;6;18;169;291;26.62654065;27.8;20.9;34.7;0;5.2;58;22
2011;6;19;170;292;23.36651536;26.9;20.7;33.1;0;4.5;62;21
2011;6;20;171;293;23.63960002;28.7;21.9;35.5;0;5;52;24
2011;6;21;172;294;18.56893353;30.35;25.2;35.5;0;5.1;41;29
2011;6;22;173;295;17.09485435;29.5;26.7;32.3;0;2.6;54;17
2011;6;23;174;296;17.58826191;24;20;28;69.8;2.4;83;33
2011;6;24;175;297;16.45449221;22.45;17.7;27.2;11.1;3.3;66;14
2011;6;25;176;298;21.98531947;24.95;19.3;30.6;0;5.1;53;13
2011;6;26;177;299;25.02780079;26.15;19.7;32.6;0;5;44;23
2011;6;27;178;300;19.92488649;25.55;19.9;31.2;0;4.4;47;17
2011;6;28;179;301;20.24831271;27.65;22.2;33.1;0;4.7;59;24
2011;6;29;180;302;12.8880545;27.05;23.4;30.7;0;2.5;70;27
2011;6;30;181;303;18.53931738;27.25;23.3;31.2;0;2.9;73;23
2011;7;1;182;304;11.26568123;25.85;22.5;29.2;21;2.4;80;23
2011;7;2;183;305;6.294063638;26.05;24.2;27.9;0.3;2.3;83;7
2011;7;3;184;306;25.73915024;29.15;23.3;35;0;5.1;59;19
2011;7;4;185;307;23.10170936;29.15;23.5;34.8;0;5;52;21
2011;7;5;186;308;14.85221814;29.05;25.7;32.4;0;3.4;49;29
2011;7;6;187;309;22.3948546;28.7;25;32.4;0;3.6;59;15
2011;7;7;188;310;24.21330281;25.65;20;31.3;10.5;5;43;28
2011;7;8;189;311;27.54534478;27.5;21;34;0;5.3;38;22
2011;7;9;190;312;26.63966266;27.95;20.9;35;0;5.1;31;16
2011;7;10;191;313;22.04017157;29.1;24.4;33.8;0;3.9;47;19
2011;7;11;192;314;20.10533938;28.25;23.6;32.9;0;4.1;66;26
2011;7;12;193;315;13.2045654;27.4;24.2;30.6;0;2.9;69;18
2011;7;13;194;316;17.66929441;28;23.9;32.1;0;3.9;66;21
2011;7;14;195;317;22.63883525;28.55;24.1;33;1.4;2.5;68;15
2011;7;15;196;318;14.46315191;25.35;21.6;29.1;13.6;3.2;74;25
2011;7;16;197;319;20.64227236;27;22.6;31.4;0;4.4;62;20
2011;7;17;198;320;15.7063587;25.6;21.6;29.6;13;2.3;79;16
2011;7;18;199;321;11.55705338;25.95;22.7;29.2;0;2.3;72;15
2011;7;19;200;322;14.18993491;26.7;23.6;29.8;1.3;2.7;72;23
2011;7;20;201;323;8.151558019;24.95;22.1;27.8;32.7;2.5;83;20
2011;7;21;202;324;10.14907992;26.65;23.7;29.6;1.4;2.8;80;21
2011;7;22;203;325;8.963660382;27.35;24.3;30.4;0;2.3;80;19
2011;7;23;204;326;18.19393832;29.9;26.1;33.7;0;2.7;76;15
2011;7;24;205;327;22.00510047;29.35;24.4;34.3;38.2;2.4;82;18
2011;7;25;206;328;14.68439888;27.65;24;31.3;48;3.3;80;22
2011;7;26;207;329;22.4812545;29.1;24.2;34;0;5.2;62;17
2011;7;27;208;330;15.16084157;27.3;23;31.6;6.4;3.4;77;19
2011;7;28;209;331;17.28357742;28.95;25.4;32.5;0;3.2;75;16
2011;7;29;210;332;17.09806291;26.75;23.2;30.3;30.2;2.2;84;15
2011;7;30;211;333;21.70969132;26.75;21.1;32.4;47.7;4.6;73;23
2011;7;31;212;334;24.25277499;29.65;23.4;35.9;0;5.1;65;16
2011;8;1;213;335;19.44619159;29.75;25.3;34.2;0;0;76;17
2011;8;2;214;336;19.60975059;28.5;24.9;32.1;0;0;55;31
2011;8;3;215;337;19.76710792;25.95;20.9;31;0;0;66;26
2011;8;4;216;338;15.99403153;27;22.5;31.5;0;0;65;24
2011;8;5;217;339;13.19754326;28.1;24.9;31.3;0;0;69;22
2011;8;6;218;340;10.04509495;26.95;24.1;29.8;0;0;75;22
2011;8;7;219;341;12.81663706;27.5;24.1;30.9;1.8;0;76;15
2011;8;8;220;342;21.99691684;29;24.3;33.7;0;0;68;21
2011;8;9;221;343;23.73383213;27.8;21.9;33.7;8.6;0;79;26
2011;8;10;222;344;21.17444378;27.85;22;33.7;1.5;0;67;16
2011;8;11;223;345;17.78279824;29.4;24.9;33.9;0;0;68;18
2011;8;12;224;346;15.22500765;29.1;25.5;32.7;0;0;71;15
2011;8;13;225;347;12.08603467;27.6;24.5;30.7;0;0;78;18
2011;8;14;226;348;8.494845289;26.6;23.8;29.4;65.5;0;81;14
2011;8;15;227;349;3.821688038;25.75;24.5;27;13;0;91;22
2011;8;16;228;350;20.14060369;27.75;22.8;32.7;8.9;0;66;21
2011;8;17;229;351;16.23852062;26.35;22.6;30.1;0.5;0;79;19
2011;8;18;230;352;17.88952632;25.5;21.1;29.9;0.1;0;68;25
2011;8;19;231;353;18.01838381;25.05;20.7;29.4;0;0;73;17
2011;8;20;232;354;20.56064055;25.4;19.9;30.9;0;0;72;19
2011;8;21;233;355;19.45471344;25.95;21;30.9;0;0;68;20
2011;8;22;234;356;18.05708228;25.8;21;30.6;0;0;64;18
2011;8;23;235;357;16.55054276;25.9;21.7;30.1;0;0;64;20
2011;8;24;236;358;16.0066042;25.65;21.3;30;0;0;66;17
2011;8;25;237;359;8.668504559;24.25;21.9;26.6;0;0;73;21
