Site Information for 57034 in Qianxian|Xian|Xi'an|Ch'ang-an|Changan|Sian Qian-Xian, 61, China;;;;;;;;;
"Latitude: 34° 32' 0"" N (deg min sec), 34.5333° (decimal), 3432.00N (LORAN)";;;;;;;;;
"Longitude: 108° 14' 0"" E (deg min sec), 108.2333° (decimal), 10814.00E (LORAN)";;;;;;;;;
Elevation: 335 metres (1099 feet);;;;;;;;;
Location: Qianxian|Xian|Xi'an|Ch'ang-an|Changan|Sian Qian-Xian, 61, China;;;;;;;;;
;;;;;;;;;
Year;Month;Day;Precipitation (mm);Average wind speed (m/s);Average temperature (°C);Average relative humidity (%); Sunshine duration (h);Minimal Temperature (°C);Maximal Temperature (°C)
2012;9;1;33.8;2.2;18.4;92;7.1;17.5;19.7
2012;9;2;0.9;1.3;20.1;73;6.2;15.3;27.6
2012;9;3;0;0.7;19.6;78;7.4;14.3;28.8
2012;9;4;0;0.5;20.4;81;9.5;14.5;27.4
2012;9;5;0;0.1;22.1;82;8.3;16.5;29.2
2012;9;6;0;1.3;22.6;80;7.7;17.3;29
2012;9;7;14.4;0.9;19.4;83;7.5;18.6;24.2
2012;9;8;38.2;0.9;19.6;95;7.5;18.5;20.7
2012;9;9;0.1;0.8;21.3;87;7.5;18.8;25.6
2012;9;10;18.7;0.7;18.9;87;7.5;17.7;21.4
2012;9;11;0;0.8;20.8;84;5;18.1;26.6
2012;9;12;0;1.1;19.9;62;6;17.2;24.9
2012;9;13;0;0.8;16.7;65;10.5;11.2;25.3
2012;9;14;0;0.6;15.9;71;10.6;9.1;25
2012;9;15;0.5;1;17.1;73;7.3;10.8;24.3
2012;9;16;1.4;0.5;16.7;87;7.3;14.9;20
2012;9;17;0.2;0.5;18.1;80;6.8;13.5;24.5
2012;9;18;0;0.9;19;77;10;13.1;27.6
2012;9;19;0;0.3;19.4;77;10.4;13.3;28.1
2012;9;20;1.1;0.6;17.4;87;5;14.9;20
2012;9;21;2.3;0.6;19.4;83;4.9;17;25
2012;9;22;0;0.5;18.5;88;6;16;22.8
2012;9;23;0;0.6;20.4;84;6;17.9;24.1
2012;9;24;0;1.1;20.4;82;6;17.4;24.4
2012;9;25;9;0.5;17.5;89;6;16.4;21.4
2012;9;26;0;0.4;18;82;2.3;15.4;23.1
2012;9;27;0;0.9;18.9;77;6.1;14.1;25.9
2012;9;28;0;0.4;14.6;63;10;9.2;21.8
2012;9;29;0;0.7;14.4;72;9.8;7.8;22.5
2012;9;30;0;0.3;16.9;72;9.9;9.8;24.3
2012;10;1;0;0.5;16.1;73;7.9;9.4;24.2
2012;10;2;8;0.8;15.5;84;8;13;19
2012;10;3;1.1;0.7;17.2;83;8.2;13.3;25.2
2012;10;4;0;1.4;17.3;76;8;15;20
2012;10;5;0;0.4;17.3;78;4.7;14.7;22.9
2012;10;6;0;0.6;15.5;80;5;13.1;18.5
2012;10;7;0;0.2;15.6;87;5;14;18.2
2012;10;8;2.7;0.5;15.2;90;5;14.1;16.4
2012;10;9;0.3;1;16.5;73;7.9;12.5;23.5
2012;10;10;0;0.9;14.3;75;8.2;8.9;22
2012;10;11;0;0.2;15.6;76;6;13.4;18.1
2012;10;12;0;0.1;16.2;84;6;13.2;21.3
2012;10;13;0;0.5;17;80;8.1;12.2;23.8
2012;10;14;0;0.7;16;75;5;11.9;20.5
2012;10;15;0;0.7;15.3;74;5;12.1;17.8
2012;10;16;4.5;1.5;13.8;63;7.9;10.3;19.8
2012;10;17;0;0.7;10.3;63;9.2;3.7;18.8
2012;10;18;0;1.1;10.4;70;1.4;5.6;13.2
2012;10;19;0;0.6;12.7;79;4.8;9;18.8
2012;10;20;0;0.6;13.3;79;6.1;8.5;20.4
2012;10;21;0;1.3;13.2;73;5;11.5;17.6
2012;10;22;0;0.9;10.9;58;8.9;4.9;20.4
2012;10;23;2.4;0.7;8.2;78;5;4.4;9.8
2012;10;24;0;0.9;11.1;76;8.9;5.7;21.5
2012;10;25;0;0.3;10.7;76;6.5;4.2;18.3
2012;10;26;0;0.7;15.4;62;8.3;12;23.4
2012;10;27;0;0.3;11.4;82;1.3;7.3;18.4
2012;10;28;0;0.9;11.8;76;5;8;15.2
2012;10;29;1.3;0.7;13.4;83;2.1;11.6;20.3
2012;10;30;0;0.8;10.7;67;8.5;5.3;17.8
2012;10;31;0;0.8;9.8;58;9.2;2.6;19.1
2012;11;1;0;0.2;7.8;65;5.5;2.7;15.6
2012;11;2;0;1;10.3;63;6.5;3.8;17.8
2012;11;3;0;2.5;9.3;27;7;7;14.9
2012;11;4;0;0.5;4.1;46;8.9;-1.5;12.3
2012;11;5;0;0.6;4.1;53;8.5;-1.2;11.9
2012;11;6;0;0.5;6;47;6.5;-0.6;12.6
2012;11;7;3;1.5;7.8;74;5;6.3;11
2012;11;8;0;0.7;7.2;75;6.2;3.3;12.4
2012;11;9;0;0.9;8;72;2.6;5.4;10.3
2012;11;10;1.1;1.3;7.6;59;8.5;4.4;10.7
2012;11;11;0;1;4;50;5.5;-1.2;11.2
2012;11;12;0;0.8;6.6;55;7.7;1.2;16.2
2012;11;13;0;1.2;6.4;54;7;1;13.6
2012;11;14;0;0.5;5.9;51;7;1;10.6
2012;11;15;0.4;1.6;6.5;69;7.2;5;8.7
2012;11;16;0;1.1;7.3;66;7.7;3.6;13.9
2012;11;17;0;0.2;5.3;63;6.7;0.4;12.6
2012;11;18;0;1.3;8.3;53;5;2.6;17.5
2012;11;19;0;1.1;8;49;5;3.7;10.4
2012;11;20;0;0.6;7.9;60;5;6;9.4
2012;11;21;0;0.8;8.8;64;5;5.5;12.1
2012;11;22;0;2.1;9.2;44;8;7.1;11.3
2012;11;23;0;1;6.2;35;7;3.9;10.6
2012;11;24;0;0.9;3.4;49;7;-0.7;6.1
2012;11;25;4.7;2.9;5;63;8;2.8;8.3
2012;11;26;0;0.7;3;50;5.7;-2.2;8.5
2012;11;27;0;1.2;4;58;1.6;-3.1;11.7
2012;11;28;0;1.9;2.4;48;3;-0.6;8.5
2012;11;29;0;0.4;-0.2;56;2.4;-2.7;3.7
2012;11;30;0;0.6;-0.3;61;7.6;-4.6;4.1
2012;12;1;0;1.5;2.3;73;7.1;0.4;5.2
2012;12;2;0;2.1;1.6;84;7.5;-0.8;4.5
2012;12;3;0;1;4.2;34;7.1;-1;10
2012;12;4;0;0.9;3.8;46;7.2;-3.1;12
2012;12;5;0;0.7;4.2;37;7;0;10.4
2012;12;6;0;1.6;3.6;48;4.7;-2.5;10.7
2012;12;7;0;0.3;4.3;46;3.8;-1.6;11.6
2012;12;8;0;1.9;1.6;38;3.6;-3.1;5.6
2012;12;9;0;0.4;-0.7;51;2.3;-4.6;4.2
2012;12;10;0;0.6;1.1;52;1.7;-2.8;8.5
2012;12;11;0;0.5;-1.2;61;3.6;-4.8;2.8
2012;12;12;0;0.6;-1.9;62;2.7;-4.7;1.7
2012;12;13;0;0.8;-0.2;69;6;-1.6;0.8
2012;12;14;0;0.4;1.3;77;6.7;-0.7;4.5
2012;12;15;0;1;1.1;86;5.2;0.3;1.8
2012;12;16;0;0.5;1.4;85;5.5;-2.3;4
2012;12;17;0;1.4;3.9;65;4.5;3;5.5
2012;12;18;0;0.7;1;57;6.7;-2.5;5.4
2012;12;19;0;0.6;0;66;6.4;-4;3.1
2012;12;20;1.5;1;0;84;6.5;-0.8;2
2012;12;21;0;1.5;1;65;8.1;-2.2;4.5
2012;12;22;0;1.8;0.3;58;6.4;-0.5;2.9
2012;12;23;0;1.7;-5.1;40;6.5;-8.7;-0.2
2012;12;24;0;0.7;-4.8;48;6.7;-8.4;0.2
2012;12;25;0;0.6;-3.6;52;6.5;-8.5;1.2
2012;12;26;0;0.8;-2.6;53;6.6;-4.9;0.5
2012;12;27;0;0.4;-4.3;65;8.1;-7.6;0
2012;12;28;0;0.8;-0.2;53;7.3;-4.8;4.3
2012;12;29;0;1.6;-1.6;21;8;-3.6;2.8
2012;12;30;0;1.3;-3.9;31;7.3;-9.7;5.5
2012;12;31;0;0.8;-0.8;36;5.8;-7.4;9.4
2013;1;1;0;1.6;0.2;35;5.7;-5.1;6.7
2013;1;2;0;0.6;-1.8;34;3.2;-3.5;0
2013;1;3;0;1.7;-4.6;28;5.8;-7.4;-2.9
2013;1;4;0;0.5;-5.9;32;8.3;-9.1;-2.2
2013;1;5;0;1;-4.2;40;4.7;-8;1.2
2013;1;6;0;0.4;-3.9;50;1.6;-8.3;0.3
2013;1;7;0;0.2;-0.9;48;7.9;-5.9;4.9
2013;1;8;0;1.6;0.6;44;5.3;-1.8;5.7
2013;1;9;0;0.5;-2.6;46;1.1;-6.5;2.8
2013;1;10;0;0.9;-2.6;45;4.5;-8;4.1
2013;1;11;0;1.3;1.1;39;8.6;-3.5;10.7
2013;1;12;0;0.3;-1.1;40;6.3;-6.6;6.3
2013;1;13;0;0.3;-0.5;46;5.2;-6.4;7.5
2013;1;14;0;1;0.3;48;5.7;-5.1;4.9
2013;1;15;0;1.1;4.8;38;5.9;-0.2;12
2013;1;16;0;1.1;3;36;8.4;-1.4;11.9
2013;1;17;0;0.9;1.1;40;8.5;-3;6.2
2013;1;18;0;0.5;-0.6;49;8.4;-5.6;5.2
2013;1;19;0;0.9;-0.5;55;8.6;-4.6;2.5
2013;1;20;0.2;0.9;2.7;58;6.9;-0.3;6.7
2013;1;21;0;0.8;2.6;49;8.7;-1.4;8.6
2013;1;22;0;1;3.4;47;7.2;-1.7;8.7
2013;1;23;0;1.4;3;53;7.8;-4.1;10.8
2013;1;24;0;1.6;4.9;23;8.4;-0.3;9.9
2013;1;25;0;1.6;3.3;32;6.1;-3.9;13.5
2013;1;26;0;0.9;6.1;29;6.2;-1.1;14.7
2013;1;27;0;0.6;3.7;37;9.2;-2.5;11.3
2013;1;28;0;0.9;4.2;40;4;-0.1;11.4
2013;1;29;0;0.7;3.3;50;8.3;-2.8;10.3
2013;1;30;0;1.1;5.1;47;8;-0.1;11.4
2013;1;31;0;0.9;4.7;67;7.9;0.3;10.2
2013;2;1;0;0.6;3.5;71;8.2;-0.4;9.5
2013;2;2;0;1;2.4;72;10.3;-1.6;5.7
2013;2;3;2.6;0.6;3.2;82;10;1.5;5.7
2013;2;4;1;0.9;2;94;4.9;0.5;2.6
2013;2;5;0.2;1.1;4.3;83;9.2;1.3;10.1
2013;2;6;0;1.1;4.4;78;1.9;-0.1;8.3
2013;2;7;0;1.2;3.5;76;2.1;1;7
2013;2;8;5.1;1;-0.4;89;2.3;-1.9;1.6
2013;2;9;0;1.1;0.9;88;1.3;-2.1;6.6
2013;2;10;0;1.1;2.9;77;10.5;-1.5;9.5
2013;2;11;1.1;0.7;1.1;84;10;0.3;5.1
2013;2;12;0;0.4;2.1;62;3.4;-2.6;8.4
2013;2;13;0;0.3;3;50;10;-1;8.1
2013;2;14;0;1.2;5.5;50;9.5;1.6;12.4
2013;2;15;0;0.9;3.9;50;10.2;-1.2;10.3
2013;2;16;0;0.6;4.5;58;9.7;-1.4;8.4
2013;2;17;0;1.1;5.7;57;6.4;0.4;10.6
2013;2;18;7.4;1.5;2.5;81;10.8;0.4;7.3
2013;2;19;0.3;0.9;1.3;86;6.2;0;3.3
2013;2;20;0;0.9;3.3;73;10.3;0.8;7.5
2013;2;21;0;0.3;6.3;64;10.5;2.1;13.5
2013;2;22;0;1;6.1;56;8.4;0.1;13.7
2013;2;23;0;0.8;6.9;57;6.9;0.8;13.2
2013;2;24;0;0.8;8.5;63;10.2;4.3;15.2
2013;2;25;0;0.5;6.9;71;10.1;3.7;11.2
2013;2;26;0;0.8;8.2;65;11;3.1;15.4
2013;2;27;0;1.2;9.6;61;10.9;5.4;16.3
2013;2;28;0;2.1;11;41;9.4;7.2;16.1
2013;3;1;0;1.9;5;21;10;2.8;12.4
2013;3;2;0;0.6;6.1;37;6.8;-0.3;14.1
2013;3;3;0;1.1;9.8;35;11.3;1.7;19.3
2013;3;4;0;1;9.6;37;10.2;3;18
2013;3;5;0;0.9;10.8;40;7.2;2.8;20.3
2013;3;6;0;2.2;16.1;25;5.3;8.4;23.2
2013;3;7;0;1.2;15.1;34;11.6;6.8;28.5
2013;3;8;0;1.3;19;24;11.8;10.4;29.4
2013;3;9;0;2.1;16.9;27;11.8;12.5;26.3
2013;3;10;0;3.5;10.2;24;11.1;8.1;16.6
2013;3;11;0;2;6.6;44;1.2;2.8;9.6
2013;3;12;0;0.8;12.6;43;11;9.3;18.3
2013;3;13;0;1.7;11.9;41;11.2;7.6;16.3
2013;3;14;0;2;8.9;55;6.9;6.4;12.5
2013;3;15;0;0.8;9;57;11.8;3;15.4
2013;3;16;0;0.9;12.4;59;11.1;10.2;15.4
2013;3;17;0;1.1;15.1;47;8.1;9.2;24.4
2013;3;18;0;0.8;16.3;32;8.2;8.7;25.3
2013;3;19;0;1;18.2;28;5.8;11.9;26.6
2013;3;20;0;2.2;15.5;28;4.2;9.3;20.9
2013;3;21;0.1;0.8;11.1;51;4.6;7.2;16.6
2013;3;22;0;1.4;14.2;57;4.1;8.1;21.8
2013;3;23;0;0.6;15.2;46;0.4;8.8;24.6
2013;3;24;0;1.9;13.7;32;1.7;9.6;18.9
2013;3;25;0.1;1.5;9.7;52;11.8;6.5;12.9
2013;3;26;3.3;0.8;11.4;66;11.7;4;21.2
2013;3;27;0;1;14.3;51;10.2;5.6;24.5
2013;3;28;0;1.3;17.3;38;12;11.2;26.6
2013;3;29;0;1.7;14.1;50;4.9;9.9;20.1
2013;3;30;0;1.2;15.2;57;10.4;7.6;24.9
2013;3;31;0;1.5;14.1;59;11.6;9.3;17
2013;4;1;0;1.3;15.7;52;1.7;8.7;24.6
2013;4;2;0;1.5;12.2;40;0.8;11;16.9
2013;4;3;0;1;13.9;57;9.6;6.6;22.2
2013;4;4;1.9;1.1;13;72;12.3;9.9;17.3
2013;4;5;2.1;2.4;10.8;48;12.4;6.9;13.5
2013;4;6;0;0.8;9.3;52;4;0.7;17.7
2013;4;7;0;0.9;12.3;48;10;3.5;23
2013;4;8;0;1.3;13.9;33;0.4;11.6;16.9
2013;4;9;0;1.4;11;22;9.8;5.8;16.5
2013;4;10;0;1;10.7;33;7;3.6;17.9
2013;4;11;0;1.3;13.9;34;5.3;5.4;23.4
2013;4;12;0;1.4;16.4;37;6;8.8;26.3
2013;4;13;0;1.7;19.1;35;10.7;10;29.1
2013;4;14;0;1.5;21.9;25;2.6;12.6;32.3
2013;4;15;0;1.5;22.4;27;12.7;14.1;30.9
2013;4;16;0;1.4;24;28;12.7;14.3;32.6
2013;4;17;0;1.2;20.4;46;11.6;13.3;29
2013;4;18;0;4.1;18.1;52;10.1;15.1;23.3
2013;4;19;1.9;2.1;8.1;76;1.1;6.4;15.9
2013;4;20;0;1.6;7.8;77;2;5;10.9
2013;4;21;0;1.3;11.3;66;5;8.3;14.7
2013;4;22;2;1;11.4;80;6;10;14.1
2013;4;23;0;0.5;15.2;75;6.9;9.3;24.5
2013;4;24;0;1.1;17.9;63;10.2;10.4;26.1
2013;4;25;0;1.5;19.8;48;10.1;12.9;27.2
2013;4;26;0;1.4;20;45;11;11.7;29.1
2013;4;27;0;1.4;23.2;45;10.9;13.7;31.8
2013;4;28;0;0.8;22.6;56;3.2;16.4;28.1
2013;4;29;5.7;1;17.2;73;6;14;24.2
2013;4;30;0;1.3;18.1;63;10;12.6;25.5
2013;5;1;0;0.8;19.7;54;6.8;13.9;26.4
2013;5;2;0;1.2;22.2;50;11.3;14.8;30
2013;5;3;0;1;21.9;48;10.2;15.4;28.6
2013;5;4;0;1.1;20;62;0.8;17.3;24.5
2013;5;5;3;2.2;19.3;66;2.1;17.3;22.8
2013;5;6;4.6;0.7;16.8;88;3.2;15.6;17.6
2013;5;7;0.3;0.7;17;89;5.1;16.6;17.5
2013;5;8;0.2;1.7;16.6;87;5.9;15.6;18.3
2013;5;9;0;1.4;19.2;58;5.3;14.9;26.2
2013;5;10;0;1.1;19.6;37;11.6;10.9;29.3
2013;5;11;0;1.7;23.4;34;11.8;13.7;34.8
2013;5;12;0;1.1;25.5;33;11.8;15.5;36
2013;5;13;0;0.5;26.5;34;11.1;17;35.5
2013;5;14;0;0.4;24;53;1.2;18.2;30.4
2013;5;15;2.1;1.6;21.2;64;0.8;18.4;25.4
2013;5;16;6;1.8;19;80;6;16.7;22.1
2013;5;17;21.4;1.7;16.4;91;9.4;15.5;19.2
2013;5;18;1;0.8;19.7;72;11.2;13.7;27
2013;5;19;0;1.3;22.9;63;6.9;16.3;30.9
2013;5;20;0;1.3;24.1;49;11.8;16.7;31.7
2013;5;21;0;0.7;26.4;51;11.1;17.8;35.5
2013;5;22;0;1.4;28.2;50;8.1;23.2;36.5
2013;5;23;0;2.3;23.6;63;8.2;18.5;30
2013;5;24;13.6;1.7;21.8;74;2.8;18.5;25.9
2013;5;25;83.2;1.9;18.8;91;3.2;18.1;23
2013;5;26;44.3;1.3;20.5;85;4.2;18.1;25.5
2013;5;27;0;1.4;23.3;74;10.6;17.4;29.8
2013;5;28;6.5;2.6;18.7;80;6.3;16.5;26.4
2013;5;29;12.7;1.1;17.2;64;4.1;12.2;22.3
2013;5;30;0;0.7;18.3;56;0.4;14;22.2
2013;5;31;0;0.7;19.7;62;1.7;15.6;25.8
2013;6;1;0;0.7;23.5;53;11.8;14.6;33.7
2013;6;2;0;1.2;25;49;11.7;17.5;33.9
2013;6;3;0;0.3;26.6;44;10.2;19.1;34.2
2013;6;4;0;1.1;28.5;44;12;18.5;37.4
2013;6;5;0.1;1.4;28.2;40;4.9;24.2;34.4
2013;6;6;1.1;1.8;26.2;60;10.4;20.8;32.5
2013;6;7;0;0.8;27;49;11.6;19.8;34.1
2013;6;8;0.6;3.3;24.5;61;1.7;19;30.9
2013;6;9;12.1;3.2;18.7;77;0.8;16.5;21.8
2013;6;10;0.1;1.9;21;56;9.6;16.6;27.4
2013;6;11;0;1.2;21.4;50;12.3;13.5;28.2
2013;6;12;0;1;23.6;48;12.4;13.3;31.8
2013;6;13;0;1.6;26.8;44;11.4;20.2;34.9
2013;6;14;0;2.3;25.9;50;9.3;23;30.3
2013;6;15;0;1.6;28;49;10;21.8;35
2013;6;16;0;1.9;26.9;58;0.4;22.7;32.7
2013;6;17;0;1.3;29.3;55;9.8;23.5;35.9
2013;6;18;0;2.1;31.8;51;5.2;27.5;37.2
2013;6;19;0;2.7;28.1;65;5.1;26.5;33.1
2013;6;20;0.1;3.8;24.3;66;4.9;22.6;26.5
2013;6;21;0;2.6;23.8;66;3.2;21.6;27
2013;6;22;1.3;0.9;25.8;64;5.3;20.7;33
2013;6;23;0;1.4;27.1;55;6.3;22.8;31.6
2013;6;24;0;0.6;25.8;66;7.4;23.7;29.3
2013;6;25;0;1.1;27.6;58;10.7;20.1;36
2013;6;26;0;2;28.9;48;2.6;26.7;32.9
2013;6;27;0;1.2;29.8;42;12.7;21.2;38.6
2013;6;28;0;1.9;31.2;33;12.7;21;39.3
2013;6;29;0;2.9;32.3;37;11.6;23.7;37.7
2013;6;30;0;2.6;31;47;10.1;25.9;36.4
2013;7;1;0;1.6;29;66;1.1;27;32.5
2013;6;1;0;0.7;23.5;53;0.07;14.6;33.7
2013;6;2;0;1.2;25;49;0.12;17.5;33.9
2013;6;3;0;0.3;26.6;44;0.03;19.1;34.2
2013;6;4;0;1.1;28.5;44;0.11;18.5;37.4
2013;6;5;0.1;1.4;28.2;40;0.14;24.2;34.4
2013;6;6;1.1;1.8;26.2;60;0.18;20.8;32.5
2013;6;7;0;0.8;27;49;0.08;19.8;34.1
2013;6;8;0.6;3.3;24.5;61;0.33;19;30.9
2013;6;9;12.1;3.2;18.7;77;0.32;16.5;21.8
2013;6;10;0.1;1.9;21;56;0.19;16.6;27.4
2013;6;11;0;1.2;21.4;50;0.12;13.5;28.2
2013;6;12;0;1;23.6;48;0.1;13.3;31.8
2013;6;13;0;1.6;26.8;44;0.16;20.2;34.9
2013;6;14;0;2.3;25.9;50;0.23;23;30.3
2013;6;15;0;1.6;28;49;0.16;21.8;35
2013;6;16;0;1.9;26.9;58;0.19;22.7;32.7
2013;6;17;0;1.3;29.3;55;0.13;23.5;35.9
2013;6;18;0;2.1;31.8;51;0.21;27.5;37.2
2013;6;19;0;2.7;28.1;65;0.27;26.5;33.1
2013;6;20;0.1;3.8;24.3;66;0.38;22.6;26.5
2013;6;21;0;2.6;23.8;66;0.26;21.6;27
2013;6;22;1.3;0.9;25.8;64;0.09;20.7;33
2013;6;23;0;1.4;27.1;55;0.14;22.8;31.6
2013;6;24;0;0.6;25.8;66;0.06;23.7;29.3
2013;6;25;0;1.1;27.6;58;0.11;20.1;36
2013;6;26;0;2;28.9;48;0.2;26.7;32.9
2013;6;27;0;1.2;29.8;42;0.12;21.2;38.6
2013;6;28;0;1.9;31.2;33;0.19;21;39.3
2013;6;29;0;2.9;32.3;37;0.29;23.7;37.7
2013;6;30;0;2.6;31;47;0.26;25.9;36.4
2013;7;1;0;1.6;29;66;0.16;27;32.5
2013;7;2;7.8;1.7;26.2;79;0.17;23.8;29.5
2013;7;3;0.1;0.6;28.1;72;0.06;24.1;33.5
2013;7;4;11.3;2.5;25.5;83;0.25;22.8;31.2
2013;7;5;0;1.8;29.3;60;0.18;23.9;37.1
2013;7;6;0;0.8;29.2;64;0.08;22.9;34.8
2013;7;7;0;1.5;30.6;60;0.15;24.5;36.2
2013;7;8;0;3;27.8;57;0.3;25.4;33.6
2013;7;9;0;2.8;25.5;67;0.28;23.2;30.1
2013;7;10;0;3.2;25.2;60;0.32;23.4;27.9
2013;7;11;0;1.2;26.6;63;0.12;22.3;31.2
2013;7;12;0;2.4;27.4;65;0.24;24.4;31.6
2013;7;13;0;2;26.9;74;0.2;23.4;31.5
2013;7;14;0;2.4;26.6;78;0.24;24.6;29.8
2013;7;15;0;2.5;25.5;73;0.25;24.1;28.3
2013;7;16;0;0.9;26.3;64;0.09;19.7;33.5
2013;7;17;23.1;1.7;24.9;79;0.17;22.6;30.4
2013;7;18;19.6;1;23.6;86;0.1;21.7;27.7
2013;7;19;0;0.5;25.8;68;0.05;22.4;30
2013;7;20;0;0.7;26.9;69;0.07;22.4;32.1
2013;7;21;0;1;25.9;79;0.1;23.9;29.1
2013;7;22;29.7;1.4;23.4;88;0.14;21.6;26.6
2013;7;23;0;0.8;24.6;80;0.08;21.4;29.1
2013;7;24;0;1;26.1;79;0.1;23.4;29.5
2013;7;25;0;1.9;27.3;75;0.19;24.2;31.6
2013;7;26;0;0.6;28.3;74;0.06;23.1;32.8
2013;7;27;0;2.9;28;64;0.29;25.4;31.4
2013;7;28;2.1;2.1;26.6;68;0.21;22.7;32.5
2013;7;29;0.3;0.5;24.2;75;0.05;22.3;26.7
2013;7;30;0;0.8;25.4;72;0.08;19.2;31.9
2013;7;31;0;0.4;28.2;66;0.04;22.3;34.7
2013;8;1;23.2;2;23.9;86;0.2;18.3;31.2
2013;8;2;0;1.7;27.3;74;0.17;23;32
2013;8;3;0;0.3;28.1;76;0.03;23.5;33.1
2013;8;4;0;1.2;29.9;65;0.12;24.4;35.1
2013;8;5;0;1.2;29.7;67;0.12;24.7;35.8
2013;8;6;0;1.3;30.4;68;0.13;25.4;35.6
2013;8;7;4.6;3.6;22.6;74;0.36;20.1;31.6
2013;8;8;3.5;1.1;22.3;84;0.11;20.5;26.6
2013;8;9;0;0.1;24.5;79;0.01;19.3;30.1
2013;8;10;0;1.2;27.3;74;0.12;21.3;33.1
2013;8;11;0.2;0.7;27.7;73;0.07;24.8;33.4
2013;8;12;0;1.2;26.7;72;0.12;21.9;31.5
2013;8;13;0;1;28;73;0.1;22.7;34.3
2013;8;14;0;1.1;29.8;65;0.11;23.2;35.9
2013;8;15;0;0.7;30.3;66;0.07;24.4;37
2013;8;16;0;1.3;30.3;61;0.13;26.1;37.5
2013;8;17;0;0.9;28.2;63;0.09;26;33.8
2013;8;18;0;0.9;27.6;62;0.09;22.6;33.9
2013;8;19;0;2.7;28.1;57;0.27;24.9;33.2
2013;8;20;0;2.1;27;54;0.21;21.6;32.6
2013;8;21;0;1.8;27.2;63;0.18;22.1;33.2
2013;8;22;0;1.9;27.8;64;0.19;22.8;33.8
2013;8;23;0;0.9;27.7;60;0.09;23.8;32.2
2013;8;24;0;1.5;27.1;66;0.15;24.2;31.1
2013;8;25;0;1.1;26.8;59;0.11;23.4;32.1
2013;8;26;0;1.1;26.4;61;0.11;21.3;31.2
2013;8;27;0;0.7;27.1;71;0.07;23.6;30.4
2013;8;28;11.2;3.1;22.1;77;0.31;19.3;27.8
2013;8;29;0;0.3;24;67;0.03;17.7;33.5
2013;8;30;0;0.7;23.7;58;0.07;19;29
2013;8;31;0;2;22.6;59;0.2;18.1;27.1
2013;9;1;0;1.3;23.8;61;0.13;18.3;28.9
2013;9;2;1.8;1.9;21.9;72;0.19;19.6;26.3
2013;9;3;0;1.3;22.6;72;0.13;18.7;27.1
2013;9;4;1.3;1.7;20.9;78;0.17;19.4;24.6
2013;9;5;0;1.1;21.7;67;0.11;17.6;27.7
2013;9;6;0;0.5;23.2;65;0.05;19.4;28.9
2013;9;7;0;0.5;22.1;72;0.05;19.5;24.8
2013;9;8;2.4;0.8;21;74;0.08;18.3;25.3
2013;9;9;0;0.5;21.3;71;0.05;16.8;26.6
2013;9;10;0.3;1.3;23.1;66;0.13;19.5;30.6
2013;9;11;0;1.2;23.6;67;0.12;19.7;28.4
2013;9;12;0.1;1.7;22.7;70;0.17;17.8;31.2
2013;9;13;0.2;0.5;22.1;65;0.05;14.3;32.2
2013;9;14;0;0.4;24.7;54;0.04;17.5;33.7
2013;9;15;0;0.4;24.9;56;0.04;18.3;32.6
2013;9;16;0;1.2;27.4;50;0.12;19.7;35.2
2013;9;17;0;2.4;25.6;54;0.24;21.7;30.4
2013;9;18;9.2;1.4;24.9;67;0.14;22;28.6
2013;9;19;28;0.8;19;90;0.08;17.9;24.8
2013;9;20;0.1;0.9;20;89;0.09;18.8;22
2013;9;21;3.2;0.7;20.6;82;0.07;19.1;25.3
2013;9;22;0;1.5;20.5;84;0.15;18.9;22.5
2013;9;23;12.7;3.2;15.1;85;0.32;13.9;20.8
2013;9;24;0.1;0.9;17.5;74;0.09;15.2;23.5
2013;9;25;0;0.3;16.2;78;0.03;13.3;19.1
2013;9;26;0;0;16.3;69;0;13.4;19.9
2013;9;27;0;0.7;17.6;69;0.07;12.9;25.7
2013;9;28;0;0.7;20.1;69;0.07;13.5;32
2013;9;29;0;0.8;20.3;68;0.08;14.3;28.2
2013;9;30;0;1.6;20.9;66;0.16;18.1;24.1
2013;10;1;0;1.2;22;57;0.12;17.8;29.4
2013;10;2;0;1.2;18.5;68;0.12;13.3;25.2
2013;10;3;0;1.2;18.9;63;0.12;13.6;26.9
2013;10;4;0;1.2;19.3;69;0.12;14.1;27.3
2013;10;5;0;1.2;20;64;0.12;15.1;26.7
2013;10;6;0;1.2;20;60;0.12;15.3;26
2013;10;7;0;1.2;20.1;59;0.12;14.4;27
2013;10;8;0;1.2;20.2;57;0.12;14.5;27.7
2013;10;9;0;1.2;19.7;62;0.12;13.6;28.5
2013;10;10;0;1.2;22.3;50;0.12;13.9;31.3
2013;10;11;0;1.2;19.3;47;0.12;12.7;28
2013;10;12;0;1.2;20;53;0.12;12.1;30.3
2013;10;13;0;1.2;21.7;49;0.12;16.1;28.7
2013;10;14;3;1.2;16.8;66;0.12;13.9;23.5
2013;10;15;0;1.2;14.4;61;0.12;11.3;18.1
2013;10;16;6.2;1.2;11.8;84;0.12;10.3;14.7
2013;10;17;0;1.2;11.8;83;0.12;9.8;15.8
2013;10;18;0;1.2;13.3;80;0.12;10.5;17.6
2013;10;19;0;1.2;13.8;77;0.12;9.2;19.8
2013;10;20;0;1.2;12.5;54;0.12;10.4;14.9
2013;10;21;0;1.2;13.6;60;0.12;6.6;20.4
2013;10;22;0;1.2;13.2;64;0.12;8.4;20.6
2013;10;23;0;1.2;14.7;64;0.12;8.5;22.7
2013;10;24;0;1.2;12.5;58;0.12;7.5;18.9
2013;10;25;0;1.2;10.9;57;0.12;6.4;15.8
2013;10;26;0;1.2;10.3;63;0.12;5.6;16.9
2013;10;27;0;1.2;12.1;66;0.12;8.2;18.4
2013;10;28;0;1.2;13.5;65;0.12;7.4;20.5
2013;10;29;0;1.2;13.4;65;0.12;11.1;16.3
2013;10;30;11.4;1.2;10.6;92;0.12;10.2;12.2
2013;10;31;4.7;1.2;10.4;93;0.12;9.6;11.3
2013;11;1;0.8;0.5;11.7;87;0.05;10.3;15.6
2013;11;2;0;0.8;10.8;86;0.08;8.3;14.2
2013;11;3;0;0.8;10.4;82;0.08;6.2;14.3
2013;11;4;0.2;1.4;11.4;81;0.14;10.5;13.1
2013;11;5;0.1;0.6;12.2;83;0.06;9.3;17.7
2013;11;6;0;1;12.4;68;0.1;7.5;20.5
2013;11;7;0;0.6;9.5;74;0.06;4.4;13.6
2013;11;8;0;1;10.9;79;0.1;8.2;13.2
2013;11;9;5.3;1.5;9.9;86;0.15;8.8;11.1
2013;11;10;0.1;0.3;9.2;81;0.03;8.5;10.9
2013;11;11;0;0;8.8;79;0;7.7;10
2013;11;12;0;0.5;9.2;75;0.05;7.8;11.3
2013;11;13;0;0.4;9.5;79;0.04;7.8;11.8
2013;11;14;0;0.9;8.4;55;0.09;5.5;14.7
2013;11;15;0;1.1;6.9;61;0.11;2.2;14.3
2013;11;16;0;0.6;7.9;56;0.06;3.1;16.9
2013;11;17;0;0;5.5;61;0;1;13.4
2013;11;18;0;0.8;5.3;67;0.08;0;14
2013;11;19;0;0.3;4.5;72;0.03;-0.5;13.1
2013;11;20;0;0.6;6.5;65;0.06;0.7;17.5
2013;11;21;0;0.1;5.6;65;0.01;0.4;10.3
2013;11;22;0.5;0.6;6.3;71;0.06;3.4;8.4
2013;11;23;9.8;3.7;5.7;84;0.37;4.7;7
2013;11;24;0.8;0.9;6.3;63;0.09;2.1;13.1
2013;11;25;0;0.4;4.6;68;0.04;0.6;11.6
2013;11;26;0;2;4.9;61;0.2;-0.6;13
2013;11;27;0;0.9;4.4;38;0.09;0.9;9.4
2013;11;28;0;1;2.3;53;0.1;-2.3;10.9
2013;11;29;0;0.9;1.2;58;0.09;-4.9;9.4
2013;11;30;0;1.1;4.7;51;0.11;-0.6;14.7
2013;12;1;0;0.1;3.3;58;0.01;-2;11.9
2013;12;2;0;0.4;3.3;66;0.04;-1.7;11.6
2013;12;3;0;1;6.9;46;0.1;2;14.9
2013;12;4;0;1.3;4.3;57;0.13;-1.3;9.8
2013;12;5;0;1;6.7;44;0.1;3.8;13.6
2013;12;6;0;0.9;2.6;61;0.09;-2.6;10.5
2013;12;7;0;0.5;3.6;63;0.05;-2.6;11.2
2013;12;8;0;1.6;6.5;51;0.16;1.7;12
2013;12;9;0;1.3;3.1;37;0.13;-1.7;9
2013;12;10;0;1.2;2.2;48;0.12;-2.3;9.7
2013;12;11;0;0.8;0;49;0.08;-4.4;6.2
2013;12;12;0;0.9;1.5;51;0.09;-3.1;10.4
2013;12;13;0;0.7;0.2;58;0.07;-4.4;6.8
2013;12;14;0;1.6;3.7;46;0.16;-2;10.1
2013;12;15;0;0.9;5.1;58;0.09;1.7;9.7
2013;12;16;0;0.9;2;66;0.09;-3.2;9.3
2013;12;17;0;0.9;-0.2;76;0.09;-4.8;5.8
2013;12;18;0;0.8;-1.2;89;0.08;-2.9;1.7
2013;12;19;0;0.6;-0.9;88;0.06;-2.6;0.7
2013;12;20;0;0.5;0.7;85;0.05;-1.6;4.8
2013;12;21;0;1.1;0.4;84;0.11;-2.2;3.6
2013;12;22;0;0.6;-1.6;78;0.06;-4.7;2.9
2013;12;23;0;0.5;-2;85;0.05;-5.1;2.1
2013;12;24;0;0.5;0.2;84;0.05;-1.8;2.7
2013;12;25;0;0.9;2.2;75;0.09;-0.7;6
2013;12;26;0;0.8;0.1;45;0.08;-3.5;4.5
2013;12;27;0;0.9;-3.6;56;0.09;-7.6;2.3
2013;12;28;0;1;-1;52;0.1;-5.7;6
2013;12;29;0;0.7;-2.1;55;0.07;-6;3.8
2013;12;30;0;1.5;1.2;46;0.15;-4.8;10.9
2013;12;31;0;1.3;2.8;40;0.13;-3.3;13.4
2014;1;1;0;1.9;1.7;38;0.19;-3.7;11.4
2014;1;2;0;2.1;3.8;32;0.21;-1.6;11.9
2014;1;3;0;1.6;4.2;30;0.16;-2.6;13.5
2014;1;4;0;1.4;3.4;34;0.14;-3.6;11.8
2014;1;5;0;0.7;0.7;42;0.07;-3.7;6.8
2014;1;6;0;1.1;3;43;0.11;-0.9;5.9
2014;1;7;0;2;4.5;52;0.2;1.7;7.9
2014;1;8;0;1.7;2.6;24;0.17;0;6.3
2014;1;9;0;0.9;-2.6;40;0.09;-6.7;3.4
2014;1;10;0;1.1;-0.2;43;0.11;-4.8;5.1
2014;1;11;0;1.3;2.2;39;0.13;-3.5;8.2
2014;1;12;0;1.1;1.9;25;0.11;-2;7.1
2014;1;13;0;0.8;-2;42;0.08;-7.7;5.1
2014;1;14;0;1.3;-1.7;47;0.13;-6.2;4.9
2014;1;15;0;1.2;-1.4;53;0.12;-5.6;2.8
2014;1;16;0;0.8;0.4;51;0.08;-4.2;7.3
2014;1;17;0;1.7;1.3;42;0.17;-4.1;9.5
2014;1;18;0;0.9;-0.7;39;0.09;-6.5;6
2014;1;19;0;2.2;5.5;23;0.22;0.2;11
2014;1;20;0;1.7;2;27;0.17;-5.9;8
2014;1;21;0;1;-0.8;37;0.1;-6.3;6.5
2014;1;22;0;1.5;-1;40;0.15;-6.7;6.6
2014;1;23;0;0.8;1.4;41;0.08;-4.5;9.8
2014;1;24;0;1.9;5.5;34;0.19;-1.4;14.3
2014;1;25;0;1.2;4.5;31;0.12;-2;11
2014;1;26;0;0.9;2.5;44;0.09;-1.6;7.9
2014;1;27;0;1.2;3;48;0.12;-2.3;12
2014;1;28;0;1.1;3.3;52;0.11;-2.5;9
2014;1;29;0;1.1;4;46;0.11;-2.4;12.6
2014;1;30;0;0.8;6.6;48;0.08;0.1;14.8
2014;1;31;0;0.8;5.4;55;0.08;0.1;12.5
2014;2;1;0;0.7;4.6;68;0.07;0.2;11.2
2014;2;2;0;0.8;6;66;0.08;-0.3;18.4
2014;2;3;0;2.3;7.8;34;0.23;3.4;12.6
2014;2;4;0.2;4.5;1.3;53;0.45;-1.1;5.8
2014;2;5;0.5;2.9;-2.6;91;0.29;-2.9;-1
2014;2;6;1.2;1.4;-3;88;0.14;-3.8;-2.4
2014;2;7;1;0.9;-3.1;87;0.09;-6.6;0.8
2014;2;8;0.8;1.5;-2;87;0.15;-3.5;-1.1
2014;2;9;1.8;1;-2.3;84;0.1;-3.4;-1
2014;2;10;0;1.4;-2.5;81;0.14;-3.9;-0.7
2014;2;11;0;0.8;-2;72;0.08;-3.9;0
2014;2;12;1.2;1.2;-1.3;82;0.12;-2.2;0
2014;2;13;0.1;0.9;-0.9;77;0.09;-3;1.4
2014;2;14;0;1;0.5;71;0.1;-1.4;3.5
2014;2;15;0.1;0.7;0;80;0.07;-2.7;2.5
2014;2;16;4.3;1;0;95;0.1;-0.7;0.7
2014;2;17;8.1;0.5;0.8;93;0.05;0.1;2.1
2014;2;18;0.9;0.9;1.5;89;0.09;0.3;4.4
2014;2;19;0;0.9;0.8;87;0.09;-4.7;7.3
2014;2;20;0;1;2.1;75;0.1;-2.2;7.6
2014;2;21;0;0.8;2.8;80;0.08;0.3;6.3
2014;2;22;0;0.8;4.6;80;0.08;2.7;7
2014;2;23;0;0.9;6.1;77;0.09;3.8;8.5
2014;2;24;0.1;1.2;5.6;83;0.12;4.5;6.9
2014;2;25;0.1;1.2;6.6;87;0.12;5.1;8.5
2014;2;26;0.5;1.9;8.1;76;0.19;6.6;10.2
2014;2;27;0;1.2;7.3;60;0.12;4.2;11.1
2014;2;28;2.5;1.9;4.6;86;0.19;3.6;7.7
2014;3;1;0.1;0.7;4.9;89;0.07;2.9;7.6
2014;3;2;0;0.9;5;79;0.09;1.8;8.6
2014;3;3;0;0.9;4.1;83;0.09;0.2;7.3
2014;3;4;0;1.7;8.1;52;0.17;5;13.8
2014;3;5;1.1;1.6;4.7;66;0.16;3.1;7.4
2014;3;6;3.7;1;4.4;90;0.1;2.8;5.9
2014;3;7;3.3;2.2;3.6;90;0.22;2.8;5.3
2014;3;8;0.2;0.8;6.3;77;0.08;1.4;12.8
2014;3;9;0;0.7;6.7;74;0.07;0.1;14.1
2014;3;10;0;0.7;9.2;68;0.07;2.8;17.9
2014;3;11;0;1.6;10.4;65;0.16;7.3;14
2014;3;12;0;2.4;11.7;35;0.24;9;15.9
2014;3;13;0;1;9.6;42;0.1;3.5;17.3
2014;3;14;0;1.3;9.8;43;0.13;2.1;18.9
2014;3;15;0;1.3;12.7;43;0.13;4.3;23.3
2014;3;16;0;1;13.5;50;0.1;4.7;23.7
2014;3;17;0;2;15.2;39;0.2;9.3;23.8
2014;3;18;0;1.3;12.4;47;0.13;10;17.2
2014;3;19;0;1;13.1;51;0.1;6.9;19.7
2014;3;20;0;1.1;11.6;26;0.11;6.8;16
2014;3;21;0;1;8.9;43;0.1;1.7;18.1
2014;3;22;0;1.2;12.2;45;0.12;5.7;20
2014;3;23;0;1.5;15;41;0.15;10.4;20.4
2014;3;24;0;1;14.2;45;0.1;7.2;21.1
2014;3;25;0;1.3;16.1;50;0.13;8.7;26.1
2014;3;26;0;1.5;17.9;47;0.15;9;26.3
2014;3;27;8.6;2.3;16.9;60;0.23;13.4;24.4
2014;3;28;0;1.3;14.4;68;0.13;9.6;20.9
2014;3;29;0;1.6;15.9;56;0.16;9.7;23
2014;3;30;6.7;1.3;13.9;75;0.13;11.9;19.2
2014;3;31;0.7;1.2;14.6;79;0.12;12.1;19.3
2014;4;1;0;1;14.6;74;0.1;9.3;20.7
2014;4;2;0;1.6;15;63;0.16;12.7;17.7
2014;4;3;0;1.6;14.7;69;0.16;11.4;18.4
2014;4;4;0.3;1.2;12.2;78;0.12;8.5;16.1
2014;4;5;0;1.4;14.4;71;0.14;8.1;21.2
2014;4;6;0;1.5;14.3;48;0.15;10.5;17
2014;4;7;0;1.6;15.6;62;0.16;10.1;23.1
2014;4;8;0;1.7;16.8;58;0.17;9.9;24.9
2014;4;9;0;1.6;18.7;55;0.16;11.2;27.4
2014;4;10;0;0.9;18.8;69;0.09;17;21.4
2014;4;11;44.6;2.1;13.9;94;0.21;12.3;18.9
2014;4;12;6.5;0.7;13.4;90;0.07;11.6;17.4
2014;4;13;0;0.6;15.5;80;0.06;11.9;19.3
2014;4;14;0;1;16.5;82;0.1;14;19.2
2014;4;15;0.2;1.7;15.3;85;0.17;12.9;17.8
2014;4;16;1;1.7;13;90;0.17;11.6;15.7
2014;4;17;0;1;15.4;80;0.1;12.1;18.8
2014;4;18;30.9;1.2;14.6;94;0.12;14.2;17.1
2014;4;19;21.6;1.2;14.3;91;0.12;12.6;18.6
2014;4;20;0.5;0.9;14.4;90;0.09;12.8;15.8
2014;4;21;9.8;1.8;12.7;88;0.18;11;14.8
2014;4;22;0;0.7;14;79;0.07;7.4;20.3
2014;4;23;0;1.7;17;79;0.17;12.4;22
2014;4;24;0;0.8;18.1;79;0.08;14.8;22.2
2014;4;25;21.3;4.3;10.2;78;0.43;8.1;20
2014;4;26;0;1.2;13;66;0.12;7.2;19.8
2014;4;27;0;1;14.5;60;0.1;7.9;21.6
2014;4;28;0;1.5;15.9;64;0.15;8.9;23.8
2014;4;29;0;1.5;17.8;62;0.15;10.4;26
2014;4;30;0;1.3;19.2;62;0.13;13.1;26.8
2014;5;1;0;2.5;17.4;60;0.25;15.2;20.9
2014;5;2;0;1.2;16.6;54;0.12;12.1;22.5
2014;5;3;0;1.2;15.4;59;0.12;10.8;20.2
2014;5;4;0;1.8;18.1;35;0.18;10.6;24.7
2014;5;5;0;1.3;15.8;50;0.13;7.8;22.7
2014;5;6;0;1.9;18.5;56;0.19;10.2;26.6
2014;5;7;0;1.9;23.1;46;0.19;15;30.5
2014;5;8;0;2.2;23.7;44;0.22;15.7;32.1
2014;5;9;0.8;2.9;19.1;58;0.29;12.5;28.5
2014;5;10;24;2.1;12.3;91;0.21;11.2;14.3
2014;5;11;0;2;16.5;55;0.2;10;23.5
2014;5;12;0;1.3;16.4;66;0.13;10.6;23.2
2014;5;13;0.6;1.3;16.8;79;0.13;14.4;20.5
2014;5;14;0;1.5;16.6;67;0.15;14.4;20.6
2014;5;15;0;1.4;17.5;54;0.14;12.2;24.5
2014;5;16;0;1;17.1;67;0.1;13.8;21.3
2014;5;17;0;0.7;19.1;64;0.07;12.3;25.5
2014;5;18;0;1.3;21.1;63;0.13;14.3;27.6
2014;5;19;0;2.6;22.3;53;0.26;18.3;28.2
2014;5;20;0;1.3;21.3;59;0.13;12.6;29.5
2014;5;21;0;1.4;23.5;55;0.14;17.5;30.4
2014;5;22;0;1.9;22.8;59;0.19;18.1;28.7
2014;5;23;8.8;1.6;20.5;83;0.16;18;26
2014;5;24;2;1.1;22.4;75;0.11;17.5;28.6
2014;5;25;0;2.4;21.5;49;0.24;18.3;25.2
2014;5;26;0;1.2;22.6;47;0.12;14.8;31.2
2014;5;27;0;0.9;23.4;50;0.09;15.9;32.8
2014;5;28;0;1.3;24.7;48;0.13;17.6;31.7
2014;5;29;0;1.3;25;54;0.13;17.3;31.4
2014;5;30;0;1.3;21.6;70;0.13;19.4;26.8
2014;5;31;0;2.5;22.2;69;0.25;17.5;29.4
2014;6;1;0;1.4;22.6;68;0.14;18.9;27.7
2014;6;2;0;1.8;25.1;67;0.18;19.5;30.5
2014;6;3;0;2.4;24.5;65;0.24;21.5;29
2014;6;4;12.7;1.9;24.3;65;0.19;18.8;32.1
2014;6;5;0;0.9;23.9;74;0.09;18.7;28.3
2014;6;6;0;2.8;24.3;60;0.28;20.5;29.1
2014;6;7;0;1.5;23.7;53;0.15;16.1;31.7
2014;6;8;0;1.6;25.4;44;0.16;17.6;33.9
2014;6;9;0;0.7;26.8;45;0.07;21.4;33.1
2014;6;10;0;1.7;27.5;39;0.17;20.6;34.7
2014;6;11;0;1.1;28.1;39;0.11;20.7;34.9
2014;6;12;0.4;1.9;24.1;60;0.19;22.4;30.6
2014;6;13;1;0.9;21.6;73;0.09;20;23.9
2014;6;14;0.3;0.9;21.4;77;0.09;18.8;24.7
2014;6;15;0;1.3;24;66;0.13;18;31.4
2014;6;16;0;1;28;53;0.1;20.9;34.9
2014;6;17;20.8;1.4;25.4;65;0.14;19.3;33.8
2014;6;18;0;1;27.6;52;0.1;19;35.1
2014;6;19;1.1;2.2;24.4;66;0.22;20.4;31.8
2014;6;20;0;1.7;23.2;73;0.17;19.4;26.5
2014;6;21;0;1.3;25.5;56;0.13;19.1;32
2014;6;22;0;0.6;26.3;53;0.06;19.2;32.6
2014;6;23;0;2;28.5;46;0.2;20.5;34.7
2014;6;24;1.6;2.3;25.2;62;0.23;21.1;30.8
2014;6;25;1;1.5;21.8;82;0.15;20.1;25.3
2014;6;26;0;1.2;25.7;64;0.12;19.7;33.1
2014;6;27;0;1.9;28.7;52;0.19;21.1;36.7
2014;6;28;5;1.2;24.7;71;0.12;21;31.7
2014;6;29;1.4;1.1;25.2;72;0.11;20.6;32.5
2014;6;30;0;1.5;25.1;74;0.15;21;28.8
2014;7;1;0;1.3;27.2;63;5.5;23.2;32.4
2014;7;2;0;1.5;27.3;57;11.5;19.2;36.5
2014;7;3;2;1.8;25.3;71;2.9;21.3;31.1
2014;7;4;0;1.6;27.3;61;12.5;21.1;33.7
2014;7;5;0;2.1;28.7;58;10.8;23.4;34.2
2014;7;6;0;2.5;29.3;55;10.1;23.1;35.1
2014;7;7;0;1.5;30.7;53;10.2;24.8;37.1
2014;7;8;0;2.4;30.5;55;5.8;26.3;35.9
2014;7;9;8.8;2.8;22.4;83;10;20.3;29.6
2014;7;10;5.1;1.1;21.6;89;10;20.4;24.4
2014;7;11;0;1.4;25.6;72;8.3;19.9;31
2014;7;12;0;1.3;28.7;53;10.3;23.5;35.7
2014;7;13;0;1.8;27.9;49;12.7;21;35.6
2014;7;14;0.3;1.1;27.5;47;10.6;21.3;33.6
2014;7;15;0;1.3;29.3;47;12.4;21;37
2014;7;16;0;2.2;30;47;10.4;22.3;36.5
2014;7;17;0;2;29.9;46;12.2;22.7;36.9
2014;7;18;0;3.2;30.4;52;12;24.3;37
2014;7;19;0;2.5;31.3;50;11.6;26.3;37.9
2014;7;20;0;3.1;31.4;51;9.3;26.4;37.2
2014;7;21;0;1.5;32.2;50;9.6;26.3;39.4
2014;7;22;0;2;33.5;44;12.3;26.3;40.4
2014;7;23;0;1.9;27.3;49;0.8;24.6;33.6
2014;7;24;0;1.4;27.4;46;11.4;22.4;34
2014;7;25;0;2.1;27.5;48;12.6;19.9;35.4
2014;7;26;0;2;28.2;53;10.9;21;35.8
2014;7;27;0;1.7;29.7;47;10.6;22.8;36
2014;7;28;0;1.8;29.7;52;10.6;23.4;36.2
2014;7;29;0;1.4;31.5;53;11.1;24.3;38.4
2014;7;30;0;1.7;31.5;59;10.4;25.2;38
2014;7;31;0;2.3;30.8;59;9.6;26.4;35.3
2014;8;1;0;2.4;29.9;57;10.6;23.8;36.2
2014;8;2;0;1.5;29.4;56;10.3;23.5;35.8
2014;8;3;0;1.7;30.6;56;10.3;24.6;36.9
2014;8;4;0;1.8;31.1;52;8.6;27.4;36.1
2014;8;5;0.5;1.9;29.4;66;5.4;25.3;33.4
2014;8;6;4.3;3.6;22.8;86;7.3;19.4;30.4
2014;8;7;8.9;1.7;18.9;94;7.3;18.1;19.6
2014;8;8;23.4;1.4;18.5;97;7.3;18.2;19.1
2014;8;9;15.2;1.4;20.2;87;7.5;17.4;24.5
2014;8;10;0;1.5;22.4;81;8.5;16.8;28.5
2014;8;11;0.9;0.9;25.2;74;7;21.8;29.9
2014;8;12;4.8;2.3;21.6;88;9;19.8;25.8
2014;8;13;0;1.3;23.5;73;10.1;17.1;31.9
2014;8;14;0;1.7;24.3;60;11.4;17.8;31
2014;8;15;0;1.5;23.8;69;9.3;17.7;30.4
2014;8;16;0;1.9;24.3;71;8;22;28.1
2014;8;17;5.1;1.4;22.1;84;7.3;20;24.8
2014;8;18;0;1.1;23.4;78;8.6;19.8;28.8
2014;8;19;0;1.5;24;72;10.8;17.4;31.2
2014;8;20;0;1.7;24.9;63;10.7;18.2;31.5
2014;8;21;0;1.2;24.6;73;7;21.1;29
2014;8;22;0;1.6;26.3;65;8;22.5;31.2
2014;8;23;6.6;1.5;25.2;69;4;21.5;33.2
2014;8;24;0;1.6;23.9;67;8.9;20;30
2014;8;25;0;1.4;23.1;63;10.4;17.4;31
2014;8;26;0;1.4;23.4;62;6.1;17;29.8
2014;8;27;0;1.5;24.2;69;10.2;17.6;30.9
2014;8;28;0;1.8;24.1;69;9.6;18.6;30.3
2014;8;29;0;1.5;24.3;71;5.7;18.7;30.5
2014;8;30;37.2;1.6;21.8;84;7.3;19.7;26.2
2014;8;31;0;1.5;20.2;91;7.3;19;22.3
2014;9;1;4.1;1.1;20.8;89;7;19.9;22.6
2014;9;2;0;2;22.3;73;10.6;17.4;29.6
2014;9;3;0;2.1;21.7;62;11.8;15.2;29.2
2014;9;4;0;1.1;21.3;70;10.5;14.8;28.4
2014;9;5;0;1.7;23.4;72;9.9;16.9;29.7
2014;9;6;0;1.5;23.7;73;4.7;18.8;28.1
2014;9;7;7;1.2;21.6;92;7;20.7;24.1
2014;9;8;22;1.3;21.4;93;7;20.2;23.5
2014;9;9;37.4;1;20.9;97;7;20.3;21.8
2014;9;10;18.8;2.4;21.1;95;7;20.4;22.7
2014;9;11;8.6;2.9;20.4;95;7;19.6;21.3
2014;9;12;2.1;2.3;20.3;87;8;18.5;24.1
2014;9;13;19.4;1.2;16.6;95;7;15.7;19.2
2014;9;14;22.1;1.2;16.7;97;7;15.9;17.4
2014;9;15;29.1;2;16.7;98;7;16.4;17.3
2014;9;16;11.7;2;15.7;97;7;15.1;16.6
2014;9;17;7;0.7;17.2;93;7;15.5;20
2014;9;18;0;1;18.1;88;8;16.5;22.5
2014;9;19;0;0.8;19.2;82;3.4;15.7;23.8
2014;9;20;0;1;19.4;83;10.4;13.7;27.4
2014;9;21;0;1.2;20.7;86;7;16.2;25.4
2014;9;22;0.6;1.5;20.2;88;7;19.3;22.3
2014;9;23;12.5;2.3;17;87;7;15.4;20
2014;9;24;0;1.2;18.5;84;6.4;14.5;24.8
2014;9;25;0;1.1;16.9;89;7;14.3;20.2
2014;9;26;0;0.8;19.1;85;3.1;14.4;24.3
2014;9;27;5.9;1.1;19.4;91;7;18.5;22.7
2014;9;28;40.8;1.4;17.4;97;7;16.6;18.7
2014;9;29;0;0.3;19.2;86;6.1;16.5;24.6
2014;9;30;0;2.2;20.2;80;7.4;14.6;27.1
2014;10;1;15.9;1.1;18.6;85;4;15.4;25.3
2014;10;2;0;0.9;19.4;75;9.6;12.9;27.6
2014;10;3;0;0.6;18.8;83;3.9;14.1;24.3
2014;10;4;0;1.7;20.2;66;6.4;17.1;26.4
2014;10;5;0;1.6;17.8;69;9.2;10.7;26
2014;10;6;0;1.4;17.3;76;8.1;12.3;23.4
2014;10;7;0;1;17.4;74;5.8;11.9;22.9
2014;10;8;0;0.4;17.3;81;7;13.7;21.5
2014;10;9;0;1.3;18.7;82;7;14.4;23.5
2014;10;10;0;1.4;18;72;7;13.8;21.8
2014;10;11;0;3.2;15.1;61;7;12.6;19
2014;10;12;0;2.7;10.4;71;7;9.6;12.6
2014;10;13;0;1;11.7;71;4;9.5;15.8
2014;10;14;0;0.9;11.2;77;9.7;5.7;19.9
2014;10;15;0;1.1;13;78;7;9.1;18.7
2014;10;16;0;1;15.1;79;7;12.2;18
2014;10;17;0;1;16.8;74;7;13.7;23.8
2014;10;18;0;1.1;16.4;75;7;13.6;19.5
2014;10;19;0;0.8;18.1;73;3.6;15.4;24.5
2014;10;20;0.7;1.4;15.3;83;4;13.5;17.6
2014;10;21;0;1.2;14.6;81;8.4;7.9;22.6
2014;10;22;0;1;13;89;4;11;16.3
2014;10;23;0;1;13.9;80;9.5;7.5;24.1
2014;10;24;0;1.2;14.9;76;9.3;7.6;25.7
2014;10;25;0;0.9;15.3;76;9.3;8.6;26.2
2014;10;26;0;1.2;16.1;74;9.1;9.9;25.4
2014;10;27;0;2.1;14.8;63;7;12.3;17.4
2014;10;28;2.3;1.7;10.4;81;7;9.7;15.1
2014;10;29;0.5;1.1;10.9;90;7;9.6;12.9
2014;10;30;0;1.2;12;88;7;11.2;13.2
2014;10;31;3;1.5;12.2;81;7;11.7;14.9
2014;11;1;1.7;2.8;11.7;64;8;9.2;15.8
2014;11;2;0;1.2;8.2;61;9;4.5;15.5
2014;11;3;0;1;5.6;73;8.2;0.2;14.6
2014;11;4;0;1;7.8;70;7.7;1.2;16
2014;11;5;0;1.2;12.6;68;8.4;9;21.6
2014;11;6;0;1.1;9.5;70;2.7;3.9;15.3
2014;11;7;0;0.8;9.8;78;6;8.4;12.4
2014;11;8;0;1.5;9.4;75;6;5.6;13.2
2014;11;9;0;1.5;9.2;76;6;8.2;10.2
2014;11;10;0;1.6;10.2;77;6;8.7;12.5
2014;11;11;0;1.9;11.6;49;7.3;7.8;17
2014;11;12;0;1.5;8.4;59;6.1;4.2;13.9
2014;11;13;0;0.9;5.3;67;7.9;0.5;12.9
2014;11;14;0;1.4;5.1;67;3.4;0.8;9.8
2014;11;15;0;1.2;9.4;57;6.3;7.1;15.4
2014;11;16;0;1.2;5.8;69;8;0.9;14.1
2014;11;17;0;0.6;6.4;71;5.8;1.6;12.2
2014;11;18;0;1;6.3;70;4.4;0.2;11.4
2014;11;19;0.1;0.7;9.3;71;7.6;3.8;16.9
2014;11;20;0;1.1;8.6;68;5.3;4;17.3
2014;11;21;0;1.3;7.1;76;6;3.8;10.7
2014;11;22;8.1;0.9;6;91;6;4.8;9.4
2014;11;23;0.3;0.9;7.3;88;6;5.7;8.9
2014;11;24;12.1;1.7;7;92;6;6.2;8
2014;11;25;0.3;1.8;7.5;87;4;3.9;11.4
2014;11;26;0;1.1;7.7;86;6;6.2;9.2
2014;11;27;0.3;1.5;7;89;6;5.3;8.6
2014;11;28;0;0.9;5.4;79;3.4;1.1;10.2
2014;11;29;0;0.3;7;82;6;6.6;7.8
2014;11;30;0;2.4;6.3;51;7.1;3;9.6
2014;12;1;0;1.9;-0.2;54;5.5;-2.3;3.3
2014;12;2;0;1;-0.7;60;6.7;-5;4.3
2014;12;3;0;1.5;4.1;49;5.9;1.2;9.6
2014;12;4;0;1.3;-0.2;48;7.5;-3.7;5.7
2014;12;5;0;0.8;-0.8;59;7.2;-4.9;5.6
2014;12;6;0;1.6;1.4;59;6;-1.5;5.9
2014;12;7;0;2.1;4;51;7.2;-1.6;10.5
2014;12;8;0;1.4;1.1;53;4.2;-3.9;4.7
2014;12;9;0.2;0.8;1.6;73;6;0.4;3.1
2014;12;10;0;2;2.3;50;3.1;-0.1;7.2
2014;12;11;0;0.9;1.6;54;6;-0.4;6
2014;12;12;0;1.1;0.5;50;7.4;-2.6;5.9
2014;12;13;0;1.1;-1.2;59;6.9;-5.9;5.6
2014;12;14;0;1;0.9;63;5.7;-3.9;6.8
2014;12;15;0;3;3.8;28;6;1.6;6.2
2014;12;16;0;1;-0.3;39;6.4;-4;6.5
2014;12;17;0;1.2;-0.9;46;6.4;-6.4;6.8
2014;12;18;0;1.3;0.2;51;5.9;-4.5;7.2
2014;12;19;0;1.7;1.5;52;6.7;-4.3;9.8
2014;12;20;0;0.9;1.3;33;6.3;-3.5;5.6
2014;12;21;0;1.5;0.2;31;6.9;-4.6;5.5
2014;12;22;0;1;-1.9;46;3.3;-7.5;3.6
2014;12;23;0;1.1;2.4;44;6.6;-4.7;10.3
2014;12;24;0;1.1;1.7;49;5.7;-3.1;8.8
2014;12;25;0;1.4;1.3;46;6;-0.2;4.9
2014;12;26;0;0.8;0.6;53;6;-2.7;3.1
2014;12;27;0;1.6;2.3;56;6;-2.9;7.8
2014;12;28;0;2.1;6.5;43;6.8;-0.7;17.9
2014;12;29;0;1.4;5.3;39;6.7;-1.6;14.3
2014;12;30;0;1.7;4.6;41;7;-1.5;16.1
2014;12;31;0;1.7;0.6;34;4;-2.7;8.3
2015;1;1;0;1.3;-3.2;49;6.6;-9.7;3.3
2015;1;2;0;1.4;0.2;45;5;-2.5;4.7
2015;1;3;0;2;-2.2;59;5.9;-7.9;6.2
2015;1;4;0;1.4;1.3;55;4;-5.6;7.9
2015;1;5;0;3.8;6.5;31;5;2.4;10.9
2015;1;6;0;1.7;3.5;42;5;0;6.8
2015;1;7;0;2.4;-0.1;69;7.1;-6.1;8.5
2015;1;8;0;1.8;3.1;56;6.3;-3.3;11.8
2015;1;9;0;1.3;0.9;59;5.8;-4.3;9.2
2015;1;10;0;2.2;0.2;61;7.3;-6.4;8.9
2015;1;11;0;1.5;-0.3;66;5.8;-5.7;8.6
2015;1;12;0;1.9;0.2;63;5.5;-3.8;6.8
2015;1;13;0;1.4;-1.4;76;5.7;-5;5.3
2015;1;14;0;1.7;-0.7;78;5.5;-5.6;5.8
2015;1;15;0;2.1;0.3;72;2.9;-5.2;9.8
2015;1;16;0;2.4;1.8;48;6.6;-3.6;10.1
2015;1;17;0;1.2;0.5;57;5.9;-3.7;4.8
2015;1;18;0;1.7;1.7;61;7.8;-5.2;13
2015;1;19;0;1.9;-0.4;57;3.3;-5.9;8
2015;1;20;0;2.8;4.2;46;8.3;-4.1;15
2015;1;21;0;3.1;3.2;32;8.7;-4.3;9.3
2015;1;22;0;2;-1.6;51;7.7;-7.3;7.4
2015;1;23;0;1.7;-0.6;55;4;-6.3;7.9
2015;1;24;0;2;4;56;5;0.8;8.3
2015;1;25;0;1.2;0.2;88;5;-3.7;3.5
2015;1;26;0;1.5;2.7;80;5;0;5.7
2015;1;27;2.1;2.5;1;82;5;-1.6;3.7
2015;1;28;2.1;2.7;-3.2;87;5;-4.1;-1.4
2015;1;29;0;1.6;-1.8;76;6.6;-4.4;3.1
2015;1;30;0;1.7;-2.2;67;5;-4.8;0.3
2015;1;31;0.9;1.4;-2.6;88;5;-4.2;-1.2
2015;2;1;0;1.7;-1.5;83;7;-2.2;-0.2
2015;2;2;0;1.4;-1.3;76;7;-2.9;2.3
2015;2;3;0;1.1;-1.4;82;7;-5.5;6.1
2015;2;4;0;2.1;1.8;64;6.6;-1.6;7.8
2015;2;5;0;2.1;0.8;52;6.8;-2.9;7.5
2015;2;6;0;1.7;-0.3;60;6.8;-5.8;7.8
2015;2;7;0;4.1;4.2;44;7;0.3;8.7
2015;2;8;0;2;0.3;58;7.7;-6.1;8.4
2015;2;9;0;1;0.9;57;6.8;-3;7.4
2015;2;10;0;1.7;1.5;65;7.5;-5.6;13.7
2015;2;11;0;2.4;5.8;48;8.8;-2.9;16.3
2015;2;12;0;2;4.9;48;8.7;-2.9;18
2015;2;13;0;2.4;5.1;42;8.1;-2.1;14
2015;2;14;0;2.1;4.8;52;7;0;10.2
2015;2;15;0;4.3;10.7;33;6.7;6.5;16.2
2015;2;16;0;2.5;5.4;46;8.4;-2.7;15.5
2015;2;17;0;2;4.8;43;8.3;-1.7;14.3
2015;2;18;0;2.8;6;57;7;1;9.5
2015;2;19;0.4;2;5.7;69;7;4.1;8.2
2015;2;20;1.4;1.7;3;83;7;1.3;6.6
2015;2;21;0;2.3;6;67;6.9;-1.5;15.8
2015;2;22;0;2.8;3.2;44;6.5;-0.7;10.3
2015;2;23;0;1.8;3.1;59;6.8;-2.5;10.4
2015;2;24;0;1.4;3.5;68;4;-2.8;10.5
2015;2;25;0;2.6;6.7;49;9.6;-0.4;15.1
2015;2;26;0;2.5;4.9;45;6.8;-1.3;8.7
2015;2;27;0;4.8;5.2;59;6.8;1.4;7.2
2015;2;28;0.1;2.5;2.9;70;3;0.2;9.4
2015;3;1;0;1.3;1.4;61;8.7;-5.6;11.6
2015;3;2;0;3.2;7.2;46;7.8;-0.9;16.3
2015;3;3;0;3.7;5.9;25;7;0.6;12.6
2015;3;4;0.2;2.4;3;54;7.2;0.6;6.3
2015;3;5;5.3;1.1;1.4;87;5;-0.2;4.1
2015;3;6;0;1.4;2.2;81;7.4;-2.3;8.8
2015;3;7;0;1.4;4.8;78;3.4;-1;12.2
2015;3;8;0;2.3;10;63;8.4;3.5;18.9
2015;3;9;0;2.9;8.8;52;7.2;6;12.9
2015;3;10;0;3;6.2;51;7.2;5.1;8.5
2015;3;11;0;2;6.5;70;8.9;-0.1;15.2
2015;3;12;0;1.7;7.4;70;9.7;-0.1;18.8
2015;3;13;0;2.4;12.6;59;6.6;7.6;20.1
2015;3;14;0;1.6;12.2;49;8.3;5.7;19.7
2015;3;15;0;1.6;10.3;59;5;7.6;15.9
2015;3;16;0;1.8;11.5;68;6.5;2.9;19.3
2015;3;17;0;1.7;13.7;74;6.5;11.8;16.9
2015;3;18;16.9;1.4;9.8;94;6.5;7.7;13.4
2015;3;19;6.9;1.9;9.8;94;6.5;8.8;11.8
2015;3;20;0;1.9;10.6;83;7;6;18.5
2015;3;21;0;1.9;10.9;74;10.8;3.7;19.7
2015;3;22;0.9;3.5;11.2;76;3.9;5.5;16.4
2015;3;23;0.7;2.3;11.2;87;3.3;9.2;15.4
2015;3;24;4.7;1.8;8.5;87;6.5;7.6;10.5
2015;3;25;0.8;2.9;7.8;94;6.5;3.6;9.1
2015;3;26;0.1;1.5;7.1;93;6.5;5.8;8.4
2015;3;27;0;1.3;8.9;89;6.5;7.4;12.4
2015;3;28;0;1.7;11.2;80;9.2;3.7;19.2
2015;3;29;0;1.1;14.5;73;9.6;7.3;22.1
2015;3;30;0;1.7;15.1;73;8.2;8.6;21.4
2015;3;31;0;1.7;16;83;6.5;11.3;19.9
2015;4;1;37;4.8;13.1;88;8;9;17.5
2015;4;2;0;1.8;10.7;88;4.4;7.8;16.3
2015;4;3;4.8;2.6;10.2;93;8;6.7;12.2
2015;4;4;7.7;1.8;10.8;97;8;10.2;11.6
2015;4;5;15.3;2.6;11.7;77;6;8.1;16.1
2015;4;6;4.1;1.8;9.3;87;8;8.2;13.2
2015;4;7;0;1.8;9.5;88;8;7.3;12.8
2015;4;8;0;2.3;9.9;81;6.6;4.2;15.5
2015;4;9;0;2;13.1;77;10.5;6;21.1
2015;4;10;0;2;13.9;74;9.8;5.6;21.2
2015;4;11;0.1;3.9;14.4;74;6.5;12.3;19.7
2015;4;12;0;2.3;12.2;44;7.3;9.6;16.5
2015;4;13;0;2;10.4;44;11;1.9;17.8
2015;4;14;0;1;10.3;63;6.8;1;18.9
2015;4;15;0;2.7;16.5;67;9.3;5.4;28.1
2015;4;16;0;2.7;16.5;52;8.4;13.5;21.6
2015;4;17;0;2.2;15;59;3.4;9.5;20.3
2015;4;18;3.6;3.1;13.9;81;8;12.6;15.9
2015;4;19;15.2;3;13.3;85;4.2;10.6;18.7
2015;4;20;0;2.1;14.4;81;8.2;8.4;20.1
2015;4;21;13.9;2.5;15.4;75;9;10.9;22.7
2015;4;22;0;2.9;15.7;65;8.2;7.7;23
2015;4;23;0;1.3;15.7;65;8.8;8.2;23.1
2015;4;24;0;1.5;17.1;69;10.9;8.7;26.1
2015;4;25;0;1.3;18.4;71;9;10.1;25.8
2015;4;26;0;1.6;19.2;72;10.5;13.3;26.8
2015;4;27;0;1.2;18.6;74;11.5;10.5;27.4
2015;4;28;0;2.4;21.4;64;12;13.3;30.2
2015;4;29;0;1.4;19.7;69;8.9;13;26.4
2015;4;30;0;2.2;21.4;70;7.7;15.4;26.8
2015;5;1;9.5;3.4;15;87;9;13.4;22
2015;5;2;0;1.8;16.4;79;11.5;8.4;25.7
2015;5;3;0;3.6;17.6;75;9.8;14.9;23.6
2015;5;4;0;1.8;18.2;74;9.5;12.7;24.2
2015;5;5;0;1.1;18.2;70;10.6;10.5;24.5
2015;5;6;0.1;2.7;18.4;67;11;10.8;26.8
2015;5;7;9.8;1.9;16.1;79;8.3;12.7;20.4
2015;5;8;1.5;1.5;16.2;80;12;8.8;24.7
2015;5;9;0;3.1;20;65;11.8;14.1;27
2015;5;10;2.2;4.2;16;74;9;10.3;22.7
2015;5;11;0;3;14.4;66;12.4;6.5;22.8
2015;5;12;0;2;15.4;60;12.3;4.9;25.1
2015;5;13;0;1.2;20;67;12;9.1;30.2
2015;5;14;0;2.5;20.6;74;1.7;16.7;27.9
2015;5;15;0;1.8;20.8;69;9.7;12.6;29.2
2015;5;16;0;1.5;18.7;71;6;14.1;23.1
2015;5;17;0;1.2;20.8;74;5.9;15.8;27.1
2015;5;18;0;1.8;23.4;61;11.7;17.1;30.6
2015;5;19;0;2.1;23.2;60;10.4;14.4;30
2015;5;20;0.1;2.5;21.1;60;4.8;17.5;25.2
2015;5;21;2.2;2.5;16.3;88;9;14.8;19.1
2015;5;22;0;1.9;18.1;78;9;13.5;24.2
2015;5;23;0;0.9;20.1;68;12.1;11.7;27.6
2015;5;24;0;1.4;21.2;61;11;10.7;29.5
2015;5;25;0;1.6;21.1;67;9;16.9;23.9
2015;5;26;0;1;22.3;63;10;16.7;28.4
2015;5;27;0;1.4;22.8;65;10.9;14.7;30.3
2015;5;28;4.3;4;19.4;82;9;17;24.9
2015;5;29;0.3;1.8;21.5;77;8;16.4;29
2015;5;30;1.8;3.1;21.2;73;7.6;14.5;31.2
2015;5;31;0.1;1.9;19.5;83;7.4;14.3;25.4
2015;6;1;0;2.1;20.2;87;8;19.3;21.9
2015;6;2;1.2;1;20;93;8;17;23.1
2015;6;3;1;2.5;19.2;91;8;18.5;21.1
2015;6;4;6.1;3.1;21.3;62;8;16.2;29.4
2015;6;5;0;2.6;23.3;53;12.7;11.7;34.1
2015;6;6;0;1.8;24;57;10.7;15;32.5
2015;6;7;0;2;23.4;58;1.6;16.9;29.4
2015;6;8;0;1.6;24.9;52;10.1;15.2;32.2
2015;6;9;0;2.2;25.6;51;11.9;14.9;34.6
2015;6;10;0;3.7;25.5;39;5.4;19.9;30.6
2015;6;11;0;3.4;24.5;33;12.8;14.2;33.7
2015;6;12;0;2.8;22.9;45;5.7;14.5;31.4
2015;6;13;0;1.2;23.6;53;10;13.8;31.9
2015;6;14;0;1.8;23.4;56;8;18.6;28.3
2015;6;15;0.7;2.8;20;83;8;18.5;24.5
2015;6;16;1.2;1.5;20.3;86;8;18.5;22.7
2015;6;17;0;1.1;22.8;76;8.7;16.1;29.7
2015;6;18;0;1.8;26;64;6.1;19.2;33.2
2015;6;19;0;1.8;26.5;59;6.2;18.1;33.6
2015;6;20;0;3.4;25.4;59;8;22.9;29.1
2015;6;21;0;1.5;23.8;63;8.8;15.9;30.7
2015;6;22;0;2.4;25.9;54;4.8;19.7;31
2015;6;23;10.2;2.8;21.2;91;8;20.5;27.2
2015;6;24;13.9;1.6;19.5;97;8;18.7;20.5
2015;6;25;6.4;1.7;22.8;83;8;18.8;28.5
2015;6;26;7.1;2.3;22.4;89;8;20.4;26.1
2015;6;27;10;1.9;20.6;98;8;20;21.5
2015;6;28;2.7;1.5;21;94;8;20;21.5
2015;6;29;20;1.2;22.2;92;8;19.8;25.7
2015;6;30;0.8;1.3;24.9;88;8;21.5;30.8
